cpu_usage,used_memory
0.012267,275972096.0
0.016353,275972096.0
0.020475,276099072.0
0.016341,275484672.0
0.024561,275484672.0
0.028638,276373504.0
0.028652,276234240.0
0.028602,275582976.0
0.02447,275582976.0
0.032654,275582976.0
0.032616,276361216.0
0.028631,276361216.0
0.024539,276488192.0
0.020469,276615168.0
0.020416,276041728.0
0.016308,276422656.0
0.016284,276549632.0
0.024417,277118976.0
0.024347,276668416.0
0.024412,276668416.0
0.024514,275173376.0
0.040922,276692992.0
0.036929,276692992.0
0.028706,276692992.0
0.028802,276819968.0
0.028794,276946944.0
0.024639,276279296.0
0.00822,276787200.0
0.012329,276787200.0
0.020554,275197952.0
0.024611,276082688.0
0.024529,276336640.0
0.028689,276336640.0
0.028646,277225472.0
0.02452,277225472.0
0.02032,277225472.0
0.012223,277225472.0
0.012238,277225472.0
0.012225,277225472.0
0.012302,277352448.0
0.012303,277352448.0
0.008191,277352448.0
0.004091,277352448.0
0.008201,277352448.0
0.008192,277352448.0
0.004094,277352448.0
0.008161,277479424.0
0.012233,277606400.0
0.012213,277606400.0
0.012211,277606400.0
0.012212,277606400.0
0.020363,277811200.0
0.01638,278192128.0
0.020485,278192128.0
0.016421,277938176.0
0.02054,277938176.0
0.020499,277938176.0
0.012309,277938176.0
0.012296,277938176.0
0.008199,277938176.0
0.008212,278319104.0
0.004121,277635072.0
0.008215,277635072.0
0.008201,277635072.0
0.0205,275767296.0
0.020443,277291008.0
0.020431,277291008.0
0.024467,277291008.0
0.020417,277291008.0
0.024494,277291008.0
0.012258,277291008.0
0.016391,277291008.0
0.016381,277291008.0
0.016398,277291008.0
0.016343,277417984.0
0.012278,277417984.0
0.016417,277417984.0
0.01639,275972096.0
0.012303,276860928.0
0.012308,276860928.0
0.012317,276860928.0
0.012298,276860928.0
0.012302,276860928.0
0.008207,277241856.0
0.0123,277368832.0
0.012297,277368832.0
0.012284,276705280.0
0.012304,276705280.0
0.012273,276705280.0
0.016367,276832256.0
0.012285,276832256.0
0.012305,277213184.0
0.012329,277213184.0
0.012287,277213184.0
0.012277,277213184.0
0.012272,277467136.0
0.012281,277467136.0
0.016373,277467136.0
0.020446,276000768.0
0.024577,276381696.0
0.020591,277270528.0
0.02057,277524480.0
0.02465,277524480.0
0.024614,277651456.0
0.016442,277651456.0
0.016455,277041152.0
0.016446,277168128.0
0.01647,277291008.0
0.01233,277291008.0
0.008227,277417984.0
0.012347,277417984.0
0.01235,277417984.0
0.012322,277544960.0
0.012297,277544960.0
0.012285,277671936.0
0.008182,277798912.0
0.008164,277176320.0
0.008162,277176320.0
0.008165,277553152.0
0.012262,277680128.0
0.012267,277807104.0
0.016374,277807104.0
0.020505,277151744.0
0.016395,277835776.0
0.016434,277217280.0
0.016465,277344256.0
0.016439,277344256.0
0.012302,277344256.0
0.016406,275755008.0
0.020533,276643840.0
0.0205,276766720.0
0.016392,276766720.0
0.016412,276766720.0
0.020556,276766720.0
0.012322,277655552.0
0.012311,277655552.0
0.012345,278163456.0
0.012331,278163456.0
0.012319,278544384.0
0.012304,278544384.0
0.0123,278544384.0
0.0082,278671360.0
0.012293,277905408.0
0.012287,277094400.0
0.012282,277475328.0
0.012275,277602304.0
0.012255,277729280.0
0.012246,277442560.0
0.008187,277569536.0
0.0041,277696512.0
0.008203,276885504.0
0.008193,276885504.0
0.004091,276885504.0
0.008183,277139456.0
0.008172,277139456.0
0.012247,277139456.0
0.00818,277139456.0
0.008195,277139456.0
0.01231,281137152.0
0.01232,278986752.0
0.01232,278818816.0
0.012296,277819392.0
0.012286,277946368.0
0.016372,278073344.0
0.016373,278200320.0
0.012299,278200320.0
0.012303,278200320.0
0.012316,278200320.0
0.012297,278200320.0
0.01229,278327296.0
0.012248,278327296.0
0.012226,277700608.0
0.012189,277827584.0
0.012219,277827584.0
0.012212,277827584.0
0.012226,277827584.0
0.01226,277827584.0
0.008189,278208512.0
0.012321,278208512.0
0.008183,278208512.0
0.008174,278208512.0
0.008188,278208512.0
0.01229,278208512.0
0.008197,278208512.0
0.008183,277913600.0
0.012331,278040576.0
0.008231,278040576.0
0.008228,278040576.0
0.004109,278167552.0
0.008216,278294528.0
0.012358,278294528.0
0.012356,278294528.0
0.012324,277495808.0
0.016434,277622784.0
0.016441,277622784.0
0.016409,277622784.0
0.016405,276840448.0
0.012289,276840448.0
0.016395,276967424.0
0.012307,276967424.0
0.01231,277344256.0
0.0082,277344256.0
0.012296,277217280.0
0.008197,276398080.0
0.0082,276398080.0
0.008164,276398080.0
0.00817,276652032.0
0.012255,276652032.0
0.00818,277032960.0
0.012245,277032960.0
0.012276,277032960.0
0.012282,277159936.0
0.012288,277286912.0
0.008183,277286912.0
0.012261,277286912.0
0.008191,277286912.0
0.008181,277286912.0
0.008199,277286912.0
0.008189,277413888.0
0.012298,277413888.0
0.008192,277413888.0
0.012259,277540864.0
0.016335,276942848.0
0.012234,276942848.0
0.012244,277319680.0
0.008137,277319680.0
0.016269,276168704.0
0.016307,276295680.0
0.012224,276295680.0
0.016248,276295680.0
0.020268,277184512.0
0.020327,277184512.0
0.016265,277184512.0
0.012167,277184512.0
0.008128,278073344.0
0.008142,278200320.0
0.008143,278200320.0
0.008139,278200320.0
0.008161,278200320.0
0.008164,278200320.0
0.008178,278200320.0
0.008183,278708224.0
0.008179,278708224.0
0.012282,278708224.0
0.012265,278708224.0
0.01227,277876736.0
0.012254,278003712.0
0.00817,278130688.0
0.008181,278130688.0
0.008156,278130688.0
0.004082,278130688.0
0.012265,277839872.0
0.016383,278528000.0
0.020511,278781952.0
0.020536,278908928.0
0.016455,279924736.0
0.020547,279924736.0
0.012343,279142400.0
0.016433,276365312.0
0.024662,278269952.0
0.037016,276471808.0
0.045247,278867968.0
0.037026,278814720.0
0.036982,278732800.0
0.032845,278732800.0
0.020522,278605824.0
0.008188,278732800.0
0.008194,277909504.0
0.012296,277909504.0
0.008199,278413312.0
0.008198,278413312.0
0.00819,278413312.0
0.012286,278413312.0
0.012267,278413312.0
0.008176,278413312.0
0.012244,278536192.0
0.008142,278536192.0
0.00813,278536192.0
0.004064,278663168.0
0.008134,278663168.0
0.008136,278790144.0
0.004067,278790144.0
0.008145,278036480.0
0.008138,278036480.0
0.012232,278163456.0
0.008158,278163456.0
0.008154,278163456.0
0.012267,278032384.0
0.008188,278032384.0
0.012309,278159360.0
0.012327,278286336.0
0.01232,278380544.0
0.016419,277716992.0
0.016389,277843968.0
0.016394,277970944.0
0.020413,277655552.0
0.024482,277078016.0
0.024508,277078016.0
0.020449,277204992.0
0.024514,277708800.0
0.020435,277708800.0
0.012302,278597632.0
0.012306,278597632.0
0.012316,278597632.0
0.012307,278597632.0
0.008194,278724608.0
0.008203,278851584.0
0.008208,278978560.0
0.00821,278978560.0
0.008205,278978560.0
0.004106,278978560.0
0.008178,279359488.0
0.012281,278712320.0
0.016343,277786624.0
0.012259,278478848.0
0.012258,278605824.0
0.016311,278306816.0
0.012259,278306816.0
0.008171,278306816.0
0.008181,278306816.0
0.016314,279195648.0
0.016269,277581824.0
0.020384,277581824.0
0.020448,277708800.0
0.020427,277708800.0
0.020443,277708800.0
0.01632,277835776.0
0.016392,277835776.0
0.012292,277852160.0
0.012268,277979136.0
0.012287,278360064.0
0.008179,278360064.0
0.012272,278360064.0
0.008178,278360064.0
0.012289,278614016.0
0.012312,278614016.0
0.012265,277921792.0
0.008177,278048768.0
0.008182,278429696.0
0.008192,278556672.0
0.004091,277590016.0
0.008152,277716992.0
0.008182,277843968.0
0.012235,277843968.0
0.008179,278093824.0
0.012247,278093824.0
0.012208,278093824.0
0.008155,278093824.0
0.01224,278220800.0
0.008184,278347776.0
0.008143,278474752.0
0.004071,277639168.0
0.008155,278269952.0
0.012256,278519808.0
0.008124,278646784.0
0.012188,278646784.0
0.012215,278773760.0
0.016281,278773760.0
0.020372,276066304.0
0.016285,276193280.0
0.016325,276574208.0
0.01225,276574208.0
0.01637,276701184.0
0.012289,276828160.0
0.008173,277204992.0
0.008168,277331968.0
0.012254,277458944.0
0.012255,276762624.0
0.016353,276447232.0
0.012261,276447232.0
0.012292,277590016.0
0.01229,277590016.0
0.008178,277590016.0
0.012275,277590016.0
0.00819,276758528.0
0.008181,276758528.0
0.008179,278024192.0
0.008179,278151168.0
0.008199,278151168.0
0.008208,278278144.0
0.00821,278278144.0
0.008199,278278144.0
0.004106,278532096.0
0.004104,278532096.0
0.008194,278659072.0
0.012274,277893120.0
0.008159,278147072.0
0.008143,278274048.0
0.012209,278654976.0
0.012215,278781952.0
0.01224,278781952.0
0.008143,277966848.0
0.008182,277966848.0
0.012313,277966848.0
0.008214,278093824.0
0.00821,278093824.0
0.008203,278093824.0
0.008204,278220800.0
0.004103,278220800.0
0.012315,277307392.0
0.012305,277307392.0
0.012332,277434368.0
0.016449,278450176.0
0.016423,279339008.0
0.016391,279339008.0
0.012243,279212032.0
0.012235,278384640.0
0.012197,278511616.0
0.00813,278511616.0
0.008124,278511616.0
0.0122,278638592.0
0.008168,278892544.0
0.008162,278892544.0
0.004092,278892544.0
0.0041,279019520.0
0.004096,279019520.0
0.004103,279146496.0
0.008217,279146496.0
0.00821,278384640.0
0.012282,278765568.0
0.012309,278892544.0
0.008201,278278144.0
0.00818,278405120.0
0.004087,278405120.0
0.008162,278405120.0
0.004093,278405120.0
0.008172,278405120.0
0.008174,278532096.0
0.008172,278659072.0
0.01228,279040000.0
0.008182,277630976.0
0.008152,277630976.0
0.008153,277630976.0
0.01222,277630976.0
0.012247,277676032.0
0.008154,278564864.0
0.00816,277815296.0
0.012262,278347776.0
0.008152,278347776.0
0.004077,278347776.0
0.004071,278728704.0
0.004068,278728704.0
0.008139,278728704.0
0.008155,278728704.0
0.012254,278011904.0
0.012274,278011904.0
0.012268,278138880.0
0.008169,278138880.0
0.008177,278138880.0
0.008185,278138880.0
0.00816,278138880.0
0.008157,278392832.0
0.00817,278519808.0
0.008187,278519808.0
0.008172,278519808.0
0.008182,278646784.0
0.012308,278646784.0
0.008197,278646784.0
0.008181,278646784.0
0.012245,278646784.0
0.012244,278646784.0
0.012232,278646784.0
0.008157,278646784.0
0.01224,278773760.0
0.012254,278773760.0
0.008192,278773760.0
0.012286,278773760.0
0.008186,278900736.0
0.008181,279027712.0
0.00818,279027712.0
0.004097,279027712.0
0.008199,279027712.0
0.008197,279027712.0
0.008216,279027712.0
0.008228,279027712.0
0.008219,279027712.0
0.012303,279027712.0
0.008202,279027712.0
0.00821,279027712.0
0.008211,279027712.0
0.008208,278298624.0
0.01645,280125440.0
0.012308,278827008.0
0.016408,282517504.0
0.01641,282517504.0
0.016379,282898432.0
0.016397,282595328.0
0.020488,282845184.0
0.012328,282845184.0
0.012312,282972160.0
0.012286,283099136.0
0.012274,283099136.0
0.00817,282464256.0
0.008151,282845184.0
0.00815,282845184.0
0.004065,284332032.0
0.008141,284332032.0
0.008144,284332032.0
0.008142,284332032.0
0.004078,283860992.0
0.008158,283983872.0
0.008176,283983872.0
0.008149,283983872.0
0.008154,283983872.0
0.008148,283983872.0
0.008138,283983872.0
0.008136,283983872.0
0.008135,283983872.0
0.01629,283762688.0
0.012267,282976256.0
0.016373,285941760.0
0.016381,284835840.0
0.020476,284073984.0
0.016406,284028928.0
0.012304,283578368.0
0.012281,283705344.0
0.008168,283705344.0
0.008165,283832320.0
0.008139,283959296.0
0.012208,283312128.0
0.012199,283439104.0
0.008129,283439104.0
0.008142,283439104.0
0.012207,283566080.0
0.008159,283693056.0
0.008151,283820032.0
0.008154,283123712.0
0.008158,283504640.0
0.008162,283504640.0
0.008192,283631616.0
0.008166,283631616.0
0.008172,283631616.0
0.008157,283631616.0
0.012251,283758592.0
0.012241,283885568.0
0.008169,284135424.0
0.012314,284135424.0
0.008213,283418624.0
0.008229,283418624.0
0.004106,283545600.0
0.008208,283672576.0
0.012312,283054080.0
0.008204,282222592.0
0.008186,282349568.0
0.008171,282349568.0
0.008178,282349568.0
0.008188,282349568.0
0.004085,282349568.0
0.004095,282349568.0
0.008177,282603520.0
0.008201,282603520.0
0.012279,282603520.0
0.008176,282730496.0
0.012288,282599424.0
0.016384,283799552.0
0.012264,283246592.0
0.012242,283246592.0
0.012276,283246592.0
0.012273,282525696.0
0.008164,282906624.0
0.008154,283287552.0
0.008168,283287552.0
0.012259,283287552.0
0.008169,283287552.0
0.008185,282546176.0
0.012269,282800128.0
0.00819,282927104.0
0.012283,282927104.0
0.008188,282927104.0
0.012293,283054080.0
0.01231,283181056.0
0.012276,283181056.0
0.008175,283181056.0
0.012282,283181056.0
0.016356,283308032.0
0.016317,283308032.0
0.008165,282722304.0
0.012266,282722304.0
0.008168,281939968.0
0.004087,282066944.0
0.00817,282574848.0
0.008156,282828800.0
0.012237,282828800.0
0.012213,283082752.0
0.012205,283209728.0
0.020365,281825280.0
0.02449,282714112.0
0.024539,282714112.0
0.020461,282714112.0
0.024632,282714112.0
0.012304,282714112.0
0.01231,282714112.0
0.008201,282714112.0
0.008174,282714112.0
0.008168,282714112.0
0.008145,282714112.0
0.012224,282968064.0
0.012287,282968064.0
0.016376,283095040.0
0.01643,282312704.0
0.016455,282312704.0
0.012308,282312704.0
0.012309,283201536.0
0.008203,283201536.0
0.00819,283201536.0
0.008197,283324416.0
0.004102,283324416.0
0.004109,283451392.0
0.004106,283451392.0
0.004102,283451392.0
0.008193,283451392.0
0.004085,283832320.0
0.004082,283832320.0
0.00817,283832320.0
0.008176,283832320.0
0.012272,283959296.0
0.008195,283119616.0
0.008213,283369472.0
0.008208,283369472.0
0.008201,283369472.0
0.008174,283369472.0
0.00409,283369472.0
0.004097,283369472.0
0.004096,282636288.0
0.008177,282636288.0
0.008167,282636288.0
0.004078,282636288.0
0.008129,282636288.0
0.012181,282636288.0
0.012155,283099136.0
0.012183,283226112.0
0.012167,283226112.0
0.01221,283226112.0
0.012264,283226112.0
0.008177,283226112.0
0.01228,283353088.0
0.012313,283480064.0
0.012304,283607040.0
0.012314,283303936.0
0.012276,283430912.0
0.012272,282488832.0
0.012269,282615808.0
0.008178,282742784.0
0.012239,282742784.0
0.008142,282742784.0
0.012207,282742784.0
0.00816,282869760.0
0.016302,281755648.0
0.016333,281882624.0
0.012262,282009600.0
0.016357,281300992.0
0.012302,281808896.0
0.016366,282443776.0
0.008185,282443776.0
0.008165,282443776.0
0.012273,282443776.0
0.008172,282951680.0
0.008161,282951680.0
0.01224,283754496.0
0.012222,283754496.0
0.01223,283754496.0
0.012226,283754496.0
0.012236,282841088.0
0.012261,282247168.0
0.008185,282247168.0
0.012306,282628096.0
0.008213,282755072.0
0.012286,282882048.0
0.008193,283009024.0
0.008198,283136000.0
0.012288,283262976.0
0.008171,283262976.0
0.008159,283389952.0
0.008168,283516928.0
0.008143,283217920.0
0.012216,283217920.0
0.008172,283217920.0
0.008176,283217920.0
0.00819,283217920.0
0.008191,283344896.0
0.008223,283594752.0
0.004113,282939392.0
0.008211,283656192.0
0.012326,283361280.0
0.02055,282345472.0
0.028676,280879104.0
0.040896,281264128.0
0.0531,280883200.0
0.04894,281133056.0
0.056978,280711168.0
0.040763,281600000.0
0.028571,281731072.0
36.230223,596156416.0
31.754363,596414464.0
27.667984,787427328.0
27.690705,1105215488.0
27.740929,859037696.0
27.785235,1009713152.0
27.798944,1003048960.0
27.850839,830885888.0
27.959774,758689792.0
29.755423,685961216.0
34.170287,769785856.0
38.649476,1052090368.0
43.165626,967286784.0
47.749623,688455680.0
51.472751,846897152.0
52.034443,724840448.0
52.025881,702132224.0
52.003216,671207424.0
51.968187,763289600.0
51.961354,675577856.0
51.938574,875524096.0
51.947006,819785728.0
51.928504,904683520.0
51.890004,991002624.0
51.858661,916295680.0
51.829405,744177664.0
51.813239,671449088.0
51.781697,699269120.0
51.794641,981573632.0
51.785634,851013632.0
51.809018,959676416.0
51.825244,688689152.0
51.884512,673763328.0
51.884006,848678912.0
51.908806,990605312.0
51.953038,982568960.0
51.970927,936452096.0
52.044444,675459072.0
52.088507,668983296.0
52.136601,1099771904.0
52.141436,960536576.0
52.168345,1116073984.0
52.179278,1118138368.0
52.212389,799965184.0
52.181008,934121472.0
52.170273,696201216.0
52.188271,805097472.0
52.162794,1120432128.0
52.166057,726540288.0
52.142636,843694080.0
52.134752,969363456.0
52.141313,888336384.0
52.172379,808472576.0
52.166049,809947136.0
52.163536,1069449216.0
52.147945,674754560.0
52.182356,808046592.0
52.207311,991260672.0
52.223253,885002240.0
52.207116,783208448.0
52.205395,941682688.0
52.205558,835817472.0
52.189845,954261504.0
52.195596,724340736.0
52.190039,1023160320.0
52.191182,751951872.0
52.153744,671223808.0
52.110742,944971776.0
52.091642,1062187008.0
52.079823,790917120.0
52.083241,676900864.0
52.090917,804491264.0
52.08759,829177856.0
52.097856,896786432.0
52.122798,873562112.0
52.097375,676970496.0
52.150823,777310208.0
52.120971,1084387328.0
52.113612,846467072.0
52.16123,963878912.0
52.205006,883625984.0
52.193659,960663552.0
52.262523,1095434240.0
52.278325,982818816.0
52.301605,1026170880.0
52.292327,670117888.0
52.285224,820776960.0
52.279729,1037795328.0
52.243999,907739136.0
52.276827,794198016.0
52.315323,1028988928.0
52.274225,676098048.0
52.264441,670728192.0
52.295392,1085628416.0
52.228767,1079435264.0
52.21939,825257984.0
52.197416,727973888.0
52.198744,730038272.0
52.219585,1053888512.0
52.196473,708620288.0
52.197246,677515264.0
52.183868,670728192.0
52.17123,1027309568.0
52.22599,995827712.0
52.18637,675373056.0
52.153405,899833856.0
52.192499,980860928.0
52.204002,1116483584.0
52.216987,1087401984.0
52.19727,692846592.0
52.148429,942895104.0
52.160698,1101594624.0
52.166065,674050048.0
52.171617,1081708544.0
52.159951,1058484224.0
52.132722,952684544.0
52.181954,1078095872.0
52.177362,1088159744.0
52.161079,1123254272.0
52.155704,787263488.0
52.141091,674021376.0
52.146453,775786496.0
52.192712,728694784.0
52.194627,989929472.0
52.174873,711237632.0
52.159894,927997952.0
52.155268,731881472.0
52.176024,676003840.0
52.151843,817811456.0
52.166623,885936128.0
52.186576,714334208.0
52.196348,963608576.0
52.203614,693563392.0
52.217769,976125952.0
52.197463,771235840.0
52.196132,805814272.0
52.198213,1014059008.0
52.217334,825683968.0
52.21768,918065152.0
52.175255,1110970368.0
52.167196,915542016.0
52.110311,987516928.0
52.104891,1030610944.0
52.079278,693645312.0
52.086745,694890496.0
52.054066,1093386240.0
52.068461,996532224.0
52.08084,1015111680.0
52.097267,769449984.0
52.118906,674414592.0
52.140078,956678144.0
52.165276,900423680.0
52.165667,877199360.0
52.229664,673382400.0
52.239331,881586176.0
52.248253,1098088448.0
52.268834,1050349568.0
52.274324,920035328.0
52.298246,971128832.0
52.279115,1080541184.0
52.277419,953966592.0
52.249439,853385216.0
52.237427,1054121984.0
52.222711,758853632.0
52.222124,787562496.0
52.186345,723308544.0
52.165294,733372416.0
52.152435,735436800.0
52.131133,943939584.0
52.129209,883224576.0
52.119392,842121216.0
52.141313,852770816.0
52.122683,1037004800.0
52.131509,766828544.0
52.187693,985137152.0
52.160507,838049792.0
52.176211,947204096.0
52.195165,882950144.0
52.196883,843468800.0
52.200704,795987968.0
52.225154,674582528.0
52.232967,725815296.0
52.236183,810455040.0
52.243266,779300864.0
52.228767,846839808.0
52.226133,790585344.0
52.181008,1106178048.0
52.198263,1017151488.0
52.20919,1118564352.0
52.196542,732008448.0
52.186383,1116708864.0
52.163738,751583232.0
52.148541,919666688.0
52.113299,731807744.0
52.102328,947232768.0
52.130104,1115705344.0
52.169116,919433216.0
52.192499,1113387008.0
52.194778,1000361984.0
52.21235,771473408.0
52.234674,732250112.0
52.203748,685281280.0
52.173913,934555648.0
52.165493,855224320.0
52.222271,906575872.0
52.197246,853815296.0
52.179267,972259328.0
52.198164,999870464.0
52.192039,862072832.0
52.179639,996773888.0
52.176584,677351424.0
52.173722,935358464.0
52.191829,780271616.0
52.212351,749047808.0
52.242917,685051904.0
52.281452,670138368.0
52.275206,985432064.0
52.283732,739512320.0
52.274513,914726912.0
52.272926,932044800.0
52.277002,1082200064.0
52.264763,1100800000.0
52.229299,678420480.0
52.204943,1025376256.0
52.223937,795918336.0
52.189459,1078583296.0
52.173336,675819520.0
52.14371,883429376.0
52.143331,942780416.0
52.155249,960843776.0
52.161983,871559168.0
52.168328,744284160.0
52.165433,985559040.0
52.212389,1037176832.0
52.224679,964407296.0
52.223303,849244160.0
52.246595,751284224.0
52.298647,1117634560.0
52.293821,865734656.0
52.321831,974630912.0
52.317149,1017466880.0
52.303199,853606400.0
52.286511,674000896.0
52.331126,1035767808.0
52.294915,938225664.0
52.278749,807653376.0
52.25815,807055360.0
52.234118,767315968.0
52.20816,859955200.0
52.18123,672395264.0
52.173721,971173888.0
52.183725,749768704.0
52.176413,1073618944.0
52.159101,843956224.0
52.073263,672395264.0
52.058628,723705856.0
52.063436,800129024.0
52.074633,762781696.0
52.103115,979025920.0
52.112614,856711168.0
52.092755,975413248.0
52.075656,1076568064.0
52.088507,1104338944.0
52.174682,694816768.0
52.223791,672665600.0
52.259228,980217856.0
52.249835,1015828480.0
52.233888,696107008.0
52.230361,979185664.0
52.218325,832614400.0
52.231362,1115951104.0
52.29486,936665088.0
52.311117,905408512.0
52.29506,1039593472.0
52.257415,1090945024.0
52.254143,1080475648.0
52.196937,847765504.0
52.159804,890859520.0
52.176202,952975360.0
52.175824,732086272.0
52.176976,678416384.0
52.172956,878026752.0
52.172763,1078272000.0
52.145724,832868352.0
52.126394,1016647680.0
52.122735,1060208640.0
52.132346,855318528.0
52.144022,1006387200.0
52.17353,1024708608.0
52.202779,870809600.0
52.208306,749146112.0
52.226614,848416768.0
52.229104,785350656.0
52.220514,704323584.0
52.184626,854773760.0
52.168738,766005248.0
52.19192,726523904.0
52.18177,1058631680.0
52.169116,680452096.0
52.12954,698138624.0
52.113112,1063792640.0
52.080103,991539200.0
52.08241,704073728.0
52.078901,953864192.0
52.057285,881078272.0
52.084627,1039519744.0
52.124596,1033068544.0
52.145638,712572928.0
52.129638,945590272.0
52.140043,683413504.0
52.129871,735023104.0
52.144151,679067648.0
52.144748,828952576.0
52.148377,830500864.0
52.139132,675971072.0
52.143393,744054784.0
52.158369,696057856.0
52.119822,863014912.0
52.122174,1080635392.0
52.128503,869289984.0
52.121426,681172992.0
52.144808,815616000.0
52.146537,883740672.0
52.185961,1067728896.0
52.183473,1110822912.0
52.213439,724267008.0
52.209399,701681664.0
52.201782,725331968.0
52.18632,678862848.0
52.220662,1060397056.0
52.219539,913309696.0
52.214606,983044096.0
52.21807,720609280.0
52.210795,820707328.0
52.216164,742207488.0
52.230279,681205760.0
52.212545,889450496.0
52.217529,1081761792.0
52.23336,672489472.0
52.225298,676618240.0
52.210406,987193344.0
52.209823,983085056.0
52.213439,1059209216.0
52.184807,1078046720.0
52.179453,676048896.0
52.188434,925798400.0
52.174295,927604736.0
52.181562,1080823808.0
52.184626,1025282048.0
52.154944,672313344.0
52.153005,674398208.0
52.181393,791769088.0
52.170652,1093439488.0
52.18177,674410496.0
52.204749,676036608.0
52.206109,1075417088.0
52.202313,829239296.0
52.21614,676773888.0
52.214966,678838272.0
52.184852,675438592.0
52.175448,826908672.0
52.177938,680456192.0
52.129397,675270656.0
52.12597,717987840.0
52.124183,959262720.0
52.110497,788586496.0
52.125734,914255872.0
52.159527,676634624.0
52.131886,851550208.0
52.084715,680325120.0
52.088029,674054144.0
52.122309,891080704.0
52.136488,730431488.0
52.142636,674734080.0
52.169121,923967488.0
52.213404,749772800.0
52.231966,850411520.0
52.246696,761384960.0
52.259514,994660352.0
52.233283,889470976.0
52.261329,677638144.0
52.296478,1094148096.0
52.294787,997310464.0
52.289675,842481664.0
52.314835,1018470400.0
52.336121,937701376.0
52.335712,1014390784.0
52.301768,1074466816.0
52.302114,1111248896.0
52.322333,1094340608.0
52.330702,940576768.0
52.324871,967155712.0
52.336734,1001992192.0
52.30608,855162880.0
52.301036,1047150592.0
52.300962,718655488.0
52.279888,974696448.0
52.257895,722526208.0
52.273723,1030782976.0
52.264961,950013952.0
52.226223,728866816.0
52.189011,672854016.0
52.169126,857022464.0
52.160507,844247040.0
52.163949,1126809600.0
52.17353,756768768.0
52.197633,676040704.0
52.172189,693805056.0
52.174105,1000882176.0
52.148782,1067458560.0
52.120329,1126809600.0
52.095596,674234368.0
52.090246,840892416.0
52.096603,677330944.0
52.105449,1119219712.0
52.130293,807702528.0
52.122069,958533632.0
52.095305,1027072000.0
52.083241,863985664.0
52.122391,676642816.0
52.106264,1033662464.0
52.10838,779227136.0
52.117278,698200064.0
52.13694,675274752.0
52.124471,925024256.0
52.122174,802967552.0
52.126255,673726464.0
52.115715,691748864.0
52.100396,908251136.0
52.140437,893542400.0
52.108275,697167872.0
52.077184,1054998528.0
52.063786,1061171200.0
52.057087,710701056.0
52.055157,679518208.0
52.052255,681066496.0
52.095095,988102656.0
52.10777,758439936.0
52.102732,1002303488.0
52.081586,789155840.0
52.071006,939704320.0
52.046499,982433792.0
52.083333,678752256.0
52.099691,714260480.0
52.119635,674820096.0
52.130193,1113976832.0
52.126346,727420928.0
52.141535,1084301312.0
52.138071,960118784.0
52.118327,887349248.0
52.148266,806322176.0
52.163007,1097211904.0
52.183291,875995136.0
52.166454,704135168.0
52.161092,925499392.0
52.161282,935563264.0
52.193599,1125707776.0
52.181754,1113841664.0
52.184039,867921920.0
52.17334,811925504.0
52.168765,863289344.0
52.170478,1120808960.0
52.161889,866373632.0
52.180016,1024815104.0
52.168574,902500352.0
52.150231,775847936.0
52.161307,752623616.0
52.158811,680153088.0
52.17525,830296064.0
52.183089,1088086016.0
52.199542,982544384.0
52.214842,1084731392.0
52.2483,830812160.0
52.261571,741527552.0
52.238937,773894144.0
52.267951,818470912.0
52.258884,896163840.0
52.238871,917258240.0
52.21483,1113022464.0
52.207588,785604608.0
52.204176,993849344.0
52.179246,673652736.0
52.139566,1039007744.0
52.098364,887017472.0
52.090669,674684928.0
52.145649,894042112.0
52.189925,813273088.0
52.16151,1046032384.0
52.171053,750051328.0
52.148532,1007583232.0
52.138932,1044783104.0
52.145621,840151040.0
52.17124,677105664.0
52.221004,1109372928.0
52.267658,673312768.0
52.249605,1072988160.0
52.25067,975962112.0
52.234281,962535424.0
52.275021,824741888.0
52.301493,769454080.0
52.359521,863641600.0
52.358264,676081664.0
52.353044,1017180160.0
52.344092,1094557696.0
52.334077,741289984.0
52.3487,809156608.0
52.372223,679399424.0
52.320251,739225600.0
52.322738,1088364544.0
52.220225,1091977216.0
52.18728,672690176.0
52.201976,1021272064.0
52.197778,1105911808.0
52.178688,678367232.0
52.175633,845541376.0
52.156708,864391168.0
52.139273,676818944.0
52.129532,811220992.0
52.152311,888119296.0
52.106723,849412096.0
52.150987,694325248.0
52.194522,853291008.0
52.188788,907284480.0
52.153866,876318720.0
52.168574,674615296.0
52.182305,839188480.0
52.171434,935391232.0
52.176396,1086091264.0
52.193175,1065406464.0
52.196042,1094754304.0
52.184605,676241408.0
52.217981,984092672.0
52.173149,1010888704.0
52.1525,1029468160.0
52.17659,1114107904.0
52.202943,967278592.0
52.18405,1084948480.0
52.187294,833224704.0
52.197802,786001920.0
52.195872,994762752.0
52.182897,905994240.0
52.201811,933117952.0
52.224907,1119916032.0
52.270832,676372480.0
52.256876,779788288.0
52.251226,807141376.0
52.264167,893071360.0
52.295383,1126346752.0
52.278094,1006145536.0
52.249256,991952896.0
52.285839,828866560.0
52.277894,1037627392.0
52.277098,1085648896.0
52.242398,1013137408.0
52.250755,817885184.0
52.173722,679612416.0
52.184966,896073728.0
52.198886,840335360.0
52.22266,1106640896.0
52.227679,678838272.0
52.230557,1010905088.0
52.236254,954908672.0
52.212079,692215808.0
52.237627,678400000.0
52.222173,1009987584.0
52.228406,723431424.0
52.222514,1114632192.0
52.276604,680792064.0
52.279981,1120350208.0
52.252134,676548608.0
52.199079,678871040.0
52.200982,1110544384.0
52.235799,1014034432.0
52.219058,702570496.0
52.214289,704376832.0
52.214871,1119834112.0
52.205753,884609024.0
52.242536,828612608.0
52.223684,863977472.0
52.192058,680112128.0
52.20065,1030422528.0
52.244433,1084354560.0
52.235469,867590144.0
52.235273,868237312.0
52.280886,738181120.0
52.303855,814821376.0
52.306684,1116381184.0
52.331878,706125824.0
52.291612,699416576.0
52.307692,1056813056.0
52.364334,1116651520.0
52.34832,779636736.0
52.341839,847503360.0
52.351193,1097035776.0
52.347849,677748736.0
52.323444,1042587648.0
52.282885,928530432.0
52.232848,700526592.0
52.241296,908771328.0
52.204655,679407616.0
52.229243,895868928.0
52.202363,857350144.0
52.135059,1065336832.0
52.138107,935280640.0
52.116647,1119268864.0
52.087466,972439552.0
52.073875,751034368.0
52.060718,777355264.0
52.054915,937259008.0
52.060239,1037897728.0
52.031119,791789568.0
52.028133,809525248.0
52.003365,673136640.0
51.987591,724893696.0
52.055219,762195968.0
52.055765,1028501504.0
52.085637,749809664.0
52.125546,685584384.0
52.14686,676163584.0
52.134792,1024487424.0
52.164531,1072799744.0
52.200123,732770304.0
52.234281,1015590912.0
52.321507,743469056.0
52.281994,745533440.0
52.275614,674095104.0
52.27422,1006055424.0
52.277705,793681920.0
52.268746,675704832.0
52.290327,999694336.0
52.252923,1019609088.0
52.235603,963743744.0
52.212428,940777472.0
52.21623,893296640.0
52.23181,721952768.0
52.219984,749871104.0
52.255639,982888448.0
52.268357,992694272.0
52.273125,672755712.0
52.239328,698777600.0
52.230443,684068864.0
52.209751,973598720.0
52.230695,803250176.0
52.240835,698007552.0
52.26058,1026945024.0
52.279196,881532928.0
52.24286,1083842560.0
52.179459,718413824.0
52.166073,891322368.0
52.150183,690888704.0
52.164731,1014956032.0
52.178309,826785792.0
52.21169,828850176.0
52.223684,1062641664.0
52.235603,959528960.0
52.21677,1086488576.0
52.184402,1121583104.0
52.205398,766377984.0
52.21169,694759424.0
52.250438,903143424.0
52.286552,740315136.0
52.293498,875286528.0
52.317707,1117065216.0
52.292295,1110872064.0
52.280579,939270144.0
52.269842,693391360.0
52.256595,752701440.0
52.262473,985976832.0
52.309711,690810880.0
52.295304,874586112.0
52.336653,901079040.0
52.305539,902885376.0
52.28884,1119903744.0
52.289441,891015168.0
52.279688,1116643328.0
52.294501,845950976.0
52.29699,1089032192.0
52.286552,1067831296.0
52.306951,915947520.0
52.273824,1138020352.0
52.255293,1107054592.0
52.255491,696025088.0
52.260778,689573888.0
52.271035,839716864.0
52.255095,1006415872.0
52.235987,974934016.0
52.229748,737013760.0
52.226917,904228864.0
52.236506,691896320.0
52.241758,974675968.0
52.229944,925388800.0
52.211961,1115828224.0
52.220561,828358656.0
52.206044,688099328.0
52.183675,834080768.0
52.146509,981426176.0
52.150348,1023746048.0
52.134643,1057292288.0
0.020536,688910336.0
0.016462,689168384.0
0.016483,689426432.0
0.016499,689426432.0
0.016481,903864320.0
0.016469,888897536.0
1.941989,916250624.0
3.931081,902316032.0
5.941638,995729408.0
7.991168,973537280.0
10.053476,910622720.0
12.073673,1309515776.0
14.192674,1231552512.0
16.374295,780251136.0
18.579745,739962880.0
18.605168,719925248.0
18.626185,699691008.0
18.227893,694722560.0
16.428855,694853632.0
14.234361,694853632.0
12.052584,694853632.0
9.918671,694722560.0
7.835773,694718464.0
5.898462,694718464.0
3.926647,694718464.0
0.020568,678072320.0
0.016465,678002688.0
0.020605,679809024.0
0.016476,679809024.0
0.016463,679809024.0
0.012301,679809024.0
0.016396,679809024.0
0.016401,679809024.0
0.016384,679809024.0
0.016404,679809024.0
0.020437,679809024.0
0.016331,679809024.0
0.020386,679809024.0
0.016225,679809024.0
0.01215,679809024.0
0.012135,679809024.0
0.012132,679809024.0
0.012139,679809024.0
0.016198,680067072.0
0.012155,680067072.0
0.012152,680325120.0
0.012163,680325120.0
0.008133,680325120.0
0.012217,680325120.0
0.012209,670003200.0
0.016367,670232576.0
0.016379,670490624.0
0.020447,670490624.0
0.020437,670748672.0
0.020432,670748672.0
0.016387,672555008.0
0.020487,672555008.0
0.020447,672813056.0
0.020509,673067008.0
0.020442,673067008.0
0.016359,673325056.0
0.008162,672563200.0
0.008152,672563200.0
0.008151,672563200.0
0.004084,672563200.0
0.004083,672563200.0
0.004074,672821248.0
0.004062,673079296.0
0.004069,673079296.0
0.004072,672264192.0
0.004054,672264192.0
0.004062,672264192.0
0.004067,672264192.0
0.008136,672264192.0
0.008142,672264192.0
0.008143,672264192.0
0.01219,672264192.0
0.012215,672264192.0
0.012273,672264192.0
0.008185,672264192.0
0.012263,672518144.0
0.012257,672518144.0
0.012233,672518144.0
0.012222,672518144.0
0.008141,672518144.0
0.012195,672518144.0
0.012208,672518144.0
0.008122,672518144.0
0.008109,672518144.0
0.012167,672518144.0
0.008113,672518144.0
0.00812,672518144.0
0.008119,672518144.0
0.012172,672518144.0
0.01218,672518144.0
0.012183,672518144.0
0.012181,672518144.0
0.008129,672518144.0
0.00814,672518144.0
0.008136,672518144.0
0.008138,672518144.0
0.004073,672518144.0
0.004074,672518144.0
0.008153,672518144.0
0.008165,672518144.0
0.004078,672165888.0
0.01226,672165888.0
0.016357,672940032.0
0.016401,672940032.0
0.016397,672940032.0
0.016423,672940032.0
0.020536,672940032.0
0.02053,672157696.0
0.020517,672157696.0
0.020512,672157696.0
0.016408,672157696.0
0.016402,672157696.0
0.020561,672157696.0
0.012335,672157696.0
0.012344,672157696.0
0.012352,672157696.0
0.016476,672157696.0
0.016508,672157696.0
0.012398,669646848.0
0.020663,669904896.0
0.020688,669904896.0
0.02072,671965184.0
0.024807,671150080.0
0.024797,671150080.0
0.020658,671150080.0
0.020622,671408128.0
0.020558,671408128.0
0.020509,671408128.0
0.016369,671408128.0
0.016319,671408128.0
0.016269,671408128.0
0.008127,671408128.0
0.012162,671408128.0
0.012142,671408128.0
0.012132,671408128.0
0.012138,671408128.0
0.012146,671408128.0
0.00812,671666176.0
0.008123,671666176.0
0.0122,671924224.0
0.012212,671924224.0
0.012256,671924224.0
0.012257,671924224.0
0.008182,671924224.0
0.008191,671924224.0
0.012291,671924224.0
0.008181,671924224.0
0.008165,672182272.0
0.012236,672182272.0
0.012226,672182272.0
0.008147,672182272.0
0.008171,672182272.0
0.008162,672182272.0
0.008145,672182272.0
0.008139,672182272.0
0.008143,672182272.0
0.00407,672182272.0
0.008151,672182272.0
0.008138,672182272.0
0.008141,672182272.0
0.012202,672182272.0
0.008139,672440320.0
0.00814,672440320.0
0.008123,672440320.0
0.012184,672440320.0
0.012168,672440320.0
0.016212,672440320.0
0.012145,672440320.0
0.012178,690503680.0
0.01218,932552704.0
1.839787,1273761792.0
3.806257,757985280.0
5.800851,1165348864.0
7.792044,994729984.0
9.880684,1286582272.0
12.023988,1132380160.0
14.211484,1071325184.0
16.539318,759676928.0
18.797092,719716352.0
18.960947,674910208.0
18.652827,674164736.0
16.409224,674422784.0
14.228083,673869824.0
12.088621,674021376.0
10.422175,674021376.0
8.318188,674021376.0
6.242391,674021376.0
4.205937,674021376.0
2.092966,674410496.0
0.114473,674668544.0
0.012246,674668544.0
0.008152,674295808.0
0.012207,674447360.0
0.012208,674447360.0
0.012207,673918976.0
0.008132,673918976.0
0.012218,673918976.0
0.012199,673918976.0
0.012181,673918976.0
0.008134,674177024.0
0.008116,674177024.0
0.00814,674177024.0
0.012225,674177024.0
0.008155,674177024.0
0.008174,674177024.0
0.008165,674177024.0
0.008161,674177024.0
0.008152,674177024.0
0.008168,674177024.0
0.00818,674177024.0
0.00819,674430976.0
0.008177,674689024.0
0.008197,674689024.0
0.008176,674947072.0
0.00818,674947072.0
0.008187,674947072.0
0.004096,674947072.0
0.004093,674947072.0
0.008166,674144256.0
0.008144,674144256.0
0.008152,674402304.0
0.008156,674402304.0
0.008145,674402304.0
0.004076,674402304.0
0.008155,674402304.0
0.008154,674402304.0
0.008161,674402304.0
0.012229,673677312.0
0.012236,673677312.0
0.012243,673677312.0
0.008167,673677312.0
0.008187,673677312.0
0.01227,673677312.0
0.012267,673677312.0
0.012281,673677312.0
0.012268,673677312.0
0.008159,673677312.0
0.008154,673677312.0
0.012223,673935360.0
0.008152,673935360.0
0.008131,673935360.0
0.008129,673935360.0
0.012205,673935360.0
0.012209,674193408.0
0.008137,674193408.0
0.012171,674193408.0
0.012174,674193408.0
0.012198,674193408.0
0.012199,674193408.0
0.012206,674193408.0
0.012162,674193408.0
0.012169,674193408.0
0.012184,674193408.0
0.012186,674193408.0
0.008135,674451456.0
0.012201,674709504.0
0.008174,674709504.0
0.008174,674967552.0
0.008176,674967552.0
0.008188,674967552.0
0.008187,675225600.0
0.008177,675225600.0
0.008207,675483648.0
0.008197,675483648.0
0.00819,675741696.0
0.008194,675741696.0
0.008193,675741696.0
0.008197,675741696.0
0.008192,675741696.0
0.012276,675741696.0
0.012292,675741696.0
0.008182,675741696.0
0.012277,675741696.0
0.012279,675741696.0
0.012266,679612416.0
0.016359,679612416.0
0.016365,679612416.0
0.016372,679612416.0
0.016381,679612416.0
0.016365,679870464.0
0.020463,679870464.0
0.016382,679870464.0
0.016357,680128512.0
0.016362,680128512.0
0.012284,680640512.0
0.012305,680640512.0
0.012309,680898560.0
0.008192,680898560.0
0.008185,680898560.0
0.008182,680898560.0
0.008177,680898560.0
0.008188,680898560.0
0.00819,680898560.0
0.004093,680898560.0
0.008191,680898560.0
0.008181,680898560.0
0.008184,680898560.0
0.008183,680898560.0
0.012279,680898560.0
0.012281,680898560.0
0.008176,680898560.0
0.008175,680898560.0
0.012273,680898560.0
0.01225,680898560.0
0.008156,680898560.0
0.012248,680898560.0
0.012237,680898560.0
0.012235,680898560.0
0.008168,680898560.0
0.012236,680898560.0
0.012243,680898560.0
0.012255,680898560.0
0.01226,680898560.0
0.008162,680898560.0
0.008172,680898560.0
0.008189,680898560.0
0.008197,680898560.0
0.008201,680898560.0
0.008207,680898560.0
0.008187,680898560.0
0.004096,680898560.0
0.004095,680898560.0
0.004091,680898560.0
0.008186,680898560.0
0.008163,680898560.0
0.00816,680898560.0
0.004079,680898560.0
0.004075,680898560.0
0.004077,680898560.0
0.008165,680898560.0
0.081783,1035087872.0
2.085394,974540800.0
4.122727,846663680.0
6.155652,772698112.0
8.297755,984666112.0
10.482225,770838528.0
12.733265,922365952.0
15.007756,793296896.0
17.284487,954900480.0
19.374023,730914816.0
19.376547,715657216.0
19.369819,703819776.0
19.259099,691974144.0
17.020636,684257280.0
15.254962,684257280.0
13.104676,684257280.0
10.972632,684257280.0
8.809245,684257280.0
6.635012,684257280.0
4.485215,684257280.0
2.409292,683601920.0
0.008205,683601920.0
0.008202,683601920.0
0.008195,683601920.0
0.01229,683601920.0
0.01228,683859968.0
0.008154,683859968.0
0.008124,683859968.0
0.012158,684118016.0
0.012149,684118016.0
0.012127,684376064.0
0.012143,684634112.0
0.012149,684634112.0
0.012141,684892160.0
0.01215,684892160.0
0.016203,684892160.0
0.012139,684892160.0
0.012149,684892160.0
0.012159,684892160.0
0.012234,684892160.0
0.012247,684892160.0
0.012273,684892160.0
0.012282,684892160.0
0.016387,684892160.0
0.012266,684892160.0
0.012274,684892160.0
0.016341,684892160.0
0.016357,684892160.0
0.016368,684892160.0
0.016346,684892160.0
0.01635,684892160.0
0.020433,684892160.0
0.020439,684892160.0
0.016351,684892160.0
0.016341,684048384.0
0.01633,684302336.0
0.016352,684302336.0
0.016359,684302336.0
0.012272,684302336.0
0.012254,684302336.0
0.012259,684302336.0
0.00817,684302336.0
0.01225,684302336.0
0.008161,684302336.0
0.008166,684302336.0
0.008155,684531712.0
0.012239,684531712.0
0.012199,684531712.0
0.008138,684531712.0
0.008134,684531712.0
0.008142,684531712.0
0.00815,684531712.0
0.008143,684531712.0
0.008148,684531712.0
0.012222,684531712.0
0.008151,684531712.0
0.008141,684531712.0
0.004068,684531712.0
0.004076,684531712.0
0.008158,684531712.0
0.008156,684531712.0
0.008147,684531712.0
0.008145,684531712.0
0.008149,684531712.0
0.012219,684531712.0
0.012262,684531712.0
0.012258,684789760.0
0.012279,684789760.0
0.008178,684789760.0
0.008183,685047808.0
0.01227,685047808.0
0.012265,685047808.0
0.012247,685047808.0
0.008168,685047808.0
0.008154,685047808.0
0.008147,685047808.0
0.004075,685047808.0
0.004073,685047808.0
0.004071,685047808.0
0.008132,685047808.0
0.008138,685047808.0
0.012212,685047808.0
0.008158,685047808.0
0.008185,685047808.0
0.008187,685047808.0
0.012287,685047808.0
0.012284,685047808.0
0.012277,685047808.0
0.012268,685047808.0
0.012271,685047808.0
0.008184,685047808.0
0.008186,685047808.0
0.008191,685047808.0
0.00819,685047808.0
0.008189,685047808.0
0.004089,685047808.0
0.008178,685047808.0
0.008179,685047808.0
0.008187,685305856.0
0.008197,685563904.0
0.008188,685563904.0
0.008184,685563904.0
0.008178,685563904.0
0.008166,685563904.0
0.008154,684716032.0
0.012225,684716032.0
0.012245,684716032.0
0.012244,684716032.0
0.012256,684716032.0
0.012272,685232128.0
0.012274,685232128.0
0.012277,685490176.0
0.016337,685490176.0
0.012237,685490176.0
0.012241,685490176.0
0.012269,685748224.0
0.01229,685748224.0
0.008199,685748224.0
0.008202,685748224.0
0.008198,685748224.0
0.008201,685748224.0
0.012297,685748224.0
0.012324,685748224.0
0.008218,685748224.0
0.008217,685748224.0
0.008214,685748224.0
0.008207,685748224.0
0.008187,685748224.0
0.008179,685748224.0
0.008157,685748224.0
0.01221,685748224.0
0.012206,685748224.0
0.012194,685748224.0
0.008126,673034240.0
0.016261,673292288.0
0.01625,673550336.0
0.016246,673550336.0
0.016254,673550336.0
0.012195,673550336.0
0.012212,673550336.0
0.012231,673808384.0
0.012248,673808384.0
0.008181,673808384.0
0.012274,674066432.0
0.01227,674066432.0
0.012267,674066432.0
0.012271,674066432.0
0.077891,1311682560.0
2.055333,1223946240.0
4.049208,1127284736.0
6.115244,1269878784.0
8.167508,1156595712.0
10.282491,770908160.0
12.434831,995831808.0
14.637958,824745984.0
16.912054,1190400000.0
19.029228,719323136.0
18.973439,703344640.0
18.889715,689713152.0
17.063854,684638208.0
14.883001,683888640.0
12.709187,684146688.0
10.623253,684146688.0
8.522178,684146688.0
6.871186,684146688.0
4.808689,684146688.0
2.701702,684142592.0
0.334298,684142592.0
0.008175,684142592.0
0.008173,684142592.0
0.008163,683462656.0
0.012265,683462656.0
0.012264,683462656.0
0.012261,683462656.0
0.012242,683462656.0
0.012232,683716608.0
0.012216,683716608.0
0.016284,683716608.0
0.016309,683716608.0
0.012217,683716608.0
0.012222,683008000.0
0.008139,673918976.0
0.008207,674689024.0
0.008182,674947072.0
0.008184,678187008.0
0.00817,678187008.0
0.008172,678187008.0
0.004092,678445056.0
0.00409,678445056.0
0.008168,678445056.0
0.008165,678445056.0
0.008163,678445056.0
0.008162,678445056.0
0.012251,678027264.0
0.008173,678027264.0
0.00815,678027264.0
0.008158,678027264.0
0.00817,677318656.0
0.012276,677318656.0
0.012282,677318656.0
0.012268,677834752.0
0.01226,677834752.0
0.008182,678092800.0
0.008177,677552128.0
0.008181,677552128.0
0.008171,677552128.0
0.008176,677552128.0
0.00819,677810176.0
0.008193,677810176.0
0.004088,677810176.0
0.004077,677810176.0
0.008153,677810176.0
0.008166,677810176.0
0.00814,677810176.0
0.008144,677810176.0
0.00815,677810176.0
0.008151,677810176.0
0.008154,677810176.0
0.008167,677810176.0
0.01223,677810176.0
0.012229,677810176.0
0.012219,677810176.0
0.01225,677810176.0
0.008161,677810176.0
0.012238,677810176.0
0.012257,678068224.0
0.016339,678584320.0
0.012237,678584320.0
0.016321,678584320.0
0.016337,678842368.0
0.016347,678842368.0
0.012214,678842368.0
0.012216,678842368.0
0.016292,678842368.0
0.012226,678842368.0
0.012194,678842368.0
0.012163,678842368.0
0.012159,678842368.0
0.012173,678842368.0
0.008124,678842368.0
0.004095,681684992.0
0.008192,681684992.0
0.008209,681684992.0
0.127216,1453793280.0
4.361281,870985728.0
8.738227,1522937856.0
13.101604,1038721024.0
17.54563,1307611136.0
22.089679,931241984.0
26.687404,1454952448.0
31.288607,1181892608.0
35.015732,1400324096.0
39.799244,1364094976.0
44.632793,1310408704.0
49.496504,1449234432.0
54.399398,1299058688.0
55.274935,1258680320.0
55.274842,918253568.0
55.259075,1380913152.0
55.232275,1602609152.0
55.218258,1308815360.0
55.219049,1045028864.0
55.273533,1438183424.0
55.303833,1041063936.0
55.347853,1395183616.0
55.368301,1123762176.0
55.384413,1216229376.0
55.391814,1495441408.0
55.415958,1235587072.0
55.444899,879149056.0
55.485471,1391697920.0
55.517959,1398079488.0
55.528638,868241408.0
55.538302,1286737920.0
55.51393,1643098112.0
55.471812,982130688.0
55.48084,1602981888.0
55.470738,1301659648.0
55.459025,1680322560.0
55.49441,1090318336.0
55.419179,1296113664.0
55.398368,1030385664.0
55.377535,1698619392.0
55.352639,1417920512.0
55.322117,866426880.0
55.283629,1119260672.0
55.269495,1352318976.0
55.298507,1281720320.0
55.301601,1212821504.0
55.300897,1212227584.0
55.315498,1150730240.0
55.281551,1238765568.0
55.350862,1277550592.0
55.348428,1143431168.0
55.358242,1027928064.0
55.356358,1265287168.0
55.382723,1200230400.0
55.448633,1378533376.0
55.474934,956637184.0
55.464144,1212456960.0
55.462037,1529794560.0
55.455385,1174175744.0
55.46418,1102413824.0
55.474806,1313222656.0
55.476285,869584896.0
55.495305,925614080.0
55.468853,1232314368.0
55.467302,1285214208.0
55.460518,1377062912.0
55.456551,1336287232.0
55.436987,1095118848.0
55.437561,1169502208.0
55.426732,975966208.0
55.396096,1395003392.0
55.396573,1068965888.0
55.397941,1436454912.0
55.381077,1441759232.0
55.395779,1472868352.0
55.411141,1099796480.0
55.433725,967991296.0
55.449398,1460330496.0
55.451975,1234280448.0
55.460367,1318780928.0
55.47368,1076215808.0
55.487859,1464836096.0
55.52223,1165877248.0
55.49189,1673596928.0
55.468991,1585860608.0
55.470469,1418129408.0
55.473457,982454272.0
55.493974,1592520704.0
55.50773,1196711936.0
55.493662,1275199488.0
55.495108,1099902976.0
55.507304,994484224.0
55.472178,1266401280.0
55.464397,1128325120.0
55.462739,1191284736.0
55.490541,1087172608.0
55.515434,1270255616.0
55.543818,1239011328.0
55.545775,1063788544.0
55.54038,1168556032.0
55.54527,1183055872.0
55.580564,1086017536.0
55.558991,1132032000.0
55.533972,1021288448.0
55.565363,1091510272.0
55.548697,1247109120.0
55.581937,1303678976.0
55.543344,1266720768.0
55.525749,1263149056.0
55.53258,1190113280.0
55.533545,1454706688.0
55.528202,1713164288.0
55.484155,858746880.0
55.474998,1126621184.0
55.475511,1024552960.0
55.479332,1304367104.0
55.497382,1348235264.0
55.517423,1144119296.0
55.481083,1498005504.0
55.52273,1199890432.0
55.555556,1110863872.0
55.550659,1270759424.0
55.534998,1351057408.0
55.530056,910798848.0
55.542296,995414016.0
55.510258,1199480832.0
55.528953,1345916928.0
55.55654,1245601792.0
55.543247,1289093120.0
55.545221,1193123840.0
55.540338,1085935616.0
55.491789,1272553472.0
55.499184,1391419392.0
55.461925,854114304.0
55.450174,1130287104.0
55.450174,1098416128.0
55.478637,1722621952.0
55.508083,1441562624.0
55.525263,1343082496.0
55.504285,1330438144.0
55.517983,1493266432.0
55.506859,1215647744.0
55.540943,1585618944.0
55.559937,853876736.0
55.542902,1292587008.0
55.599842,1432322048.0
55.620732,1246011392.0
55.600245,1149243392.0
55.628387,1145491456.0
55.616702,1232703488.0
55.620037,1172111360.0
55.635952,1411260416.0
55.642702,1521704960.0
55.642346,1559515136.0
55.608779,1062928384.0
55.61744,1458315264.0
55.633833,1201557504.0
55.589347,1241808896.0
55.59559,1384898560.0
55.607132,1075281920.0
55.594042,974274560.0
55.575267,1208848384.0
55.562776,1446305792.0
55.566639,1227841536.0
55.53388,1608462336.0
55.543525,1437921280.0
55.561346,1283309568.0
55.572433,1326583808.0
55.562787,1422471168.0
55.582061,1453772800.0
55.591649,915517440.0
55.599775,1291931648.0
55.609862,1075724288.0
55.598789,1376112640.0
55.575252,1386184704.0
55.575237,998297600.0
55.593484,1324425216.0
55.576208,1560973312.0
55.603504,1532502016.0
55.584819,1654595584.0
55.591068,1075113984.0
55.562281,1005690880.0
55.557481,1439125504.0
55.525174,1003905024.0
55.507831,1268404224.0
55.501148,1037463552.0
55.490604,1255559168.0
55.481469,920657920.0
55.493482,1154428928.0
55.47255,1101185024.0
55.489291,1545441280.0
55.488735,1377193984.0
55.493499,1008168960.0
55.484181,1742712832.0
55.469981,1361584128.0
55.46108,1272397824.0
55.507189,1223327744.0
55.520783,1505685504.0
55.503471,1085280256.0
55.518691,1311252480.0
55.51482,1341284352.0
55.497729,1240363008.0
55.498789,1419411456.0
55.503719,960700416.0
55.491101,1253056512.0
55.487778,1100300288.0
55.496602,1210265600.0
55.473813,1121865728.0
55.498229,970276864.0
55.48938,1139802112.0
55.505431,1131261952.0
55.488313,1440661504.0
55.482822,1344843776.0
55.463219,907849728.0
55.447026,1573572608.0
55.454746,1346985984.0
55.45763,1408917504.0
55.459922,1051914240.0
55.479996,1326178304.0
55.470097,1189670912.0
55.453217,860389376.0
55.450928,1263288320.0
55.429784,1291837440.0
55.444101,1386500096.0
55.443842,1470607360.0
55.456148,1399197696.0
55.461112,1343025152.0
55.467066,1550376960.0
55.477343,1199501312.0
55.496002,1540603904.0
55.475605,1123897344.0
55.468442,1233522688.0
55.48212,1140830208.0
55.470872,891129856.0
55.484437,1252749312.0
55.458094,886652928.0
55.456619,1412952064.0
55.485962,1474625536.0
55.52788,1330892800.0
55.549256,1281851392.0
55.543459,1346580480.0
55.533761,1440768000.0
55.549738,882933760.0
55.557979,1273356288.0
55.568147,1170579456.0
55.583988,1591803904.0
55.622455,1424433152.0
55.624703,1510416384.0
55.619946,1555316736.0
55.599861,1309081600.0
55.569538,978710528.0
55.57965,1496952832.0
55.590681,1389797376.0
55.60218,1092575232.0
55.604529,1063194624.0
55.581506,1210167296.0
55.562281,1344704512.0
55.57094,1387683840.0
55.559881,1262198784.0
55.529555,1092780032.0
55.534823,1078390784.0
55.522815,1445953536.0
55.529055,1307164672.0
55.553148,1315475456.0
55.569982,1491927040.0
55.570916,1094160384.0
55.559871,1088069632.0
55.562258,1148010496.0
55.575656,1441685504.0
55.57227,1242316800.0
55.555079,1271771136.0
55.581266,1513562112.0
55.573153,1033662464.0
55.54651,1014775808.0
55.532261,1003511808.0
55.48903,1014304768.0
55.450541,1067433984.0
55.414504,967962624.0
55.40819,1162514432.0
55.425509,1333510144.0
55.399786,1293443072.0
55.371865,1742397440.0
55.374817,1293541376.0
55.325763,1233190912.0
55.29366,1570304000.0
55.337662,1063772160.0
55.341111,1096105984.0
55.352946,1422790656.0
55.368513,1426661376.0
55.371793,1284378624.0
55.367454,1468215296.0
55.335882,1144107008.0
55.338782,1622884352.0
55.352125,998371328.0
55.351816,1183256576.0
55.357612,1623437312.0
55.386294,1165144064.0
55.372225,1288884224.0
55.38943,896913408.0
55.391817,1079627776.0
55.381952,1300520960.0
55.381495,1337937920.0
55.379173,1127694336.0
55.374747,1574481920.0
55.400742,1687142400.0
55.390463,1435287552.0
55.398574,1576067072.0
55.399203,1342152704.0
55.383948,1351438336.0
55.372907,1098575872.0
55.337311,1210290176.0
55.336503,1387724800.0
55.328907,1055629312.0
55.355268,904978432.0
55.342478,930070528.0
55.352777,1409499136.0
55.360105,1533440000.0
55.386499,1431089152.0
55.361672,869220352.0
55.389313,1279258624.0
55.393802,977780736.0
55.394932,1267015680.0
55.399225,1537110016.0
55.345309,1402073088.0
55.298634,1112547328.0
55.282212,1260924928.0
55.292886,1580904448.0
55.275089,1569034240.0
55.27027,1503227904.0
55.265221,1508847616.0
55.237016,1157406720.0
55.2304,1542930432.0
55.250284,1328889856.0
55.22062,1489088512.0
55.2573,1279414272.0
55.30478,1342746624.0
55.350537,988602368.0
55.348432,1027231744.0
55.386427,1282211840.0
55.355587,972070912.0
55.347803,1121017856.0
55.380326,895778816.0
55.420426,1125044224.0
55.455495,1264037888.0
55.440978,1382666240.0
55.45977,1200246784.0
55.440843,865636352.0
55.421792,1206951936.0
55.408417,1187889152.0
55.422372,1301839872.0
55.409893,1285242880.0
55.436494,1175597056.0
55.445804,1146470400.0
55.454585,1397284864.0
55.439285,1148182528.0
55.393013,1265152000.0
55.380051,1346240512.0
55.338451,1550819328.0
55.326296,970407936.0
55.334901,1070682112.0
55.308696,999718912.0
55.280528,1331052544.0
55.275379,1286012928.0
55.252885,1418895360.0
55.259735,1175855104.0
55.234955,1245270016.0
55.22744,1556332544.0
55.24094,1196077056.0
55.231702,1102561280.0
55.238879,1337085952.0
55.206346,939728896.0
55.213979,1158254592.0
55.217937,1172508672.0
55.210048,1146142720.0
55.22084,1119666176.0
55.180503,1064423424.0
55.150988,1483149312.0
55.176619,1082400768.0
55.167001,1310134272.0
55.191662,1124040704.0
55.192852,1501282304.0
55.235112,1207365632.0
55.193562,1296392192.0
55.213683,1475985408.0
55.212826,1291616256.0
55.219325,866435072.0
55.215206,1005019136.0
55.25902,888938496.0
55.291133,1244737536.0
55.26799,1097859072.0
55.313292,954302464.0
55.308999,1241706496.0
55.299378,1215479808.0
55.319056,1216528384.0
55.360204,1245429760.0
55.334037,1075634176.0
55.335534,1477484544.0
55.34173,922722304.0
55.345829,1706291200.0
55.324207,1232375808.0
55.31709,1154990080.0
55.317369,1240977408.0
55.26397,1180057600.0
55.260605,1399087104.0
55.287529,1200705536.0
55.272101,1138073600.0
55.280353,1247961088.0
55.317082,950767616.0
55.339249,954896384.0
55.350066,1351995392.0
55.350472,864444416.0
55.357925,1539080192.0
55.347535,1246236672.0
55.327511,1605140480.0
55.334523,1172254720.0
55.304642,1186754560.0
55.313706,1197158400.0
55.319517,1154945024.0
55.304536,1004261376.0
55.299499,1428856832.0
55.296756,1064468480.0
55.278029,1439670272.0
55.264521,966078464.0
55.266681,1555791872.0
55.27111,1016504320.0
55.292491,1230815232.0
55.304408,963522560.0
55.337955,1502781440.0
55.290191,1522298880.0
55.296261,1418735616.0
55.287835,1248907264.0
55.261445,1154166784.0
55.253442,996622336.0
55.248282,1352347648.0
55.281124,1407975424.0
55.288943,1248501760.0
55.287141,1077817344.0
55.287141,1306370048.0
55.275179,1122078720.0
55.280909,868577280.0
55.312936,1405927424.0
55.295814,1208279040.0
55.298794,965021696.0
55.310411,1678262272.0
55.325004,1405071360.0
55.335606,1235238912.0
55.348248,1000972288.0
55.335865,1488777216.0
55.334523,1150771200.0
55.321928,960405504.0
55.31952,1296535552.0
55.324347,1580445696.0
55.331475,1659699200.0
55.320719,1021874176.0
55.316011,1283276800.0
55.319611,1315889152.0
55.303918,1330597888.0
55.288253,1400598528.0
55.279476,1428619264.0
55.243633,1057411072.0
55.252055,1109889024.0
55.307214,903237632.0
55.305759,1499959296.0
55.324788,1009426432.0
55.326177,1303502848.0
55.343561,1502248960.0
55.374126,1580490752.0
55.395216,1401450496.0
55.394218,1626587136.0
55.385817,1354977280.0
55.376134,1422585856.0
55.39484,1560219648.0
55.398837,1046118400.0
55.366986,1584332800.0
55.37833,1227145216.0
55.382344,1036726272.0
55.420849,1332367360.0
55.401879,983470080.0
55.368118,1104756736.0
55.35223,1169534976.0
55.343244,959180800.0
55.359329,1095598080.0
55.393701,1284485120.0
55.431401,879710208.0
55.425387,1415196672.0
55.432489,1170522112.0
55.446762,1590771712.0
55.409865,1268404224.0
55.379189,1282707456.0
55.397652,1367666688.0
55.416795,1544822784.0
55.41137,1669595136.0
55.447075,880340992.0
55.457201,1490444288.0
55.431989,1396772864.0
55.42078,1115877376.0
55.41604,1293275136.0
55.402664,1629437952.0
55.380948,1173528576.0
55.391595,1497595904.0
55.388196,1080942592.0
55.387043,986341376.0
55.395463,990658560.0
55.425899,1321328640.0
55.403282,1280155648.0
55.388569,1140862976.0
55.37438,1582501888.0
55.343346,1504313344.0
55.352265,1142788096.0
55.383216,1341599744.0
55.384549,1327816704.0
55.389403,1400090624.0
55.377297,1269460992.0
55.378762,996716544.0
55.367329,1433694208.0
55.374044,1701584896.0
55.374649,1547927552.0
55.373721,1120976896.0
55.376507,1399357440.0
55.368939,1462542336.0
55.343413,1388224512.0
55.295439,1228951552.0
55.300476,1422209024.0
55.31354,1650900992.0
55.335063,1508392960.0
55.312432,1345519616.0
55.273825,1511444480.0
55.300711,974086144.0
55.317409,1348866048.0
55.347398,1191727104.0
55.364973,1135214592.0
55.387394,1329254400.0
55.417025,1571966976.0
55.402328,996470784.0
55.395591,1445216256.0
55.39083,1302208512.0
55.399424,992100352.0
55.389711,1236606976.0
55.419144,1457360896.0
55.397605,1255825408.0
55.396955,1004466176.0
55.388396,1188069376.0
55.392833,1750216704.0
55.398253,1104629760.0
55.414479,1496371200.0
55.430098,1190551552.0
55.432439,1528717312.0
55.458854,1258373120.0
55.498104,1400250368.0
55.527303,1530564608.0
55.540721,1379606528.0
55.552207,1527951360.0
55.56847,1009655808.0
55.579473,1487339520.0
55.58759,1125531648.0
55.602428,1745838080.0
55.620155,1033924608.0
55.678885,1601847296.0
55.702302,1351540736.0
55.708941,1457082368.0
55.67263,1480048640.0
55.692718,1212952576.0
55.697019,882384896.0
55.677419,1124663296.0
55.653969,992796672.0
55.634409,1082261504.0
55.629168,1445425152.0
55.625806,1667678208.0
55.598622,1066254336.0
55.58664,993718272.0
55.567037,990900224.0
55.552687,1370058752.0
55.56512,1173073920.0
55.532107,1060016128.0
55.530172,1096249344.0
55.586737,955019264.0
55.619435,1211641856.0
55.62808,1672941568.0
55.593484,1075556352.0
55.607942,1527357440.0
55.625757,1296646144.0
55.631975,1167020032.0
55.631458,1313513472.0
55.608406,1266778112.0
55.6189,1446072320.0
55.617444,981938176.0
55.591949,1549086720.0
55.557948,1538764800.0
55.544546,1440985088.0
55.578067,1347567616.0
55.568475,1281486848.0
55.541215,1396092928.0
55.537403,1422753792.0
55.521143,1206525952.0
55.548859,958689280.0
55.563683,1318924288.0
55.569904,1623678976.0
55.575145,1615679488.0
55.57564,1387823104.0
55.603838,1206296576.0
55.613341,1113948160.0
55.5861,1268539392.0
55.602301,1479741440.0
55.615226,874659840.0
55.604263,1381306368.0
55.617591,1656057856.0
55.614284,1299812352.0
55.603282,1241276416.0
55.615249,1294651392.0
55.625806,1314521088.0
55.620614,1576955904.0
55.625485,1152249856.0
55.605904,1149108224.0
55.629969,1519964160.0
55.629168,981291008.0
55.619584,1345757184.0
55.653304,1534136320.0
55.65915,1583144960.0
55.637467,1507971072.0
55.672652,1471070208.0
55.653343,1504698368.0
55.663893,1415274496.0
55.693788,1456308224.0
55.686003,1307381760.0
55.716083,1311645696.0
55.697135,1091801088.0
55.705453,1560596480.0
55.727862,1358729216.0
55.68172,1371635712.0
55.643735,1061720064.0
55.629339,1292369920.0
55.612091,1264533504.0
55.59344,1297035264.0
55.587677,1494953984.0
55.556034,1251700736.0
55.511964,1447301120.0
55.501507,1274150912.0
55.516321,1411448832.0
55.507159,1475117056.0
55.502846,1406050304.0
55.542148,1184931840.0
55.582378,1290174464.0
55.577114,1477517312.0
55.579047,1555447808.0
55.593893,1333366784.0
55.588641,1175482368.0
55.60302,1153032192.0
55.606348,1448931328.0
55.592986,1635913728.0
55.583362,1232584704.0
55.563231,1180835840.0
55.527226,1441955840.0
55.489755,1627234304.0
55.508493,1134387200.0
55.492604,1329872896.0
55.493007,1491972096.0
55.477644,1383075840.0
55.481052,868696064.0
55.502227,876257280.0
55.501275,1177788416.0
55.495909,1145806848.0
55.490679,1025298432.0
55.493603,1501446144.0
55.497405,1139302400.0
55.500281,1110142976.0
55.508951,1465896960.0
55.515691,1300148224.0
55.498467,942235648.0
55.509993,1018507264.0
55.495573,1059065856.0
55.478801,1290670080.0
55.50619,1238933504.0
55.526837,1131065344.0
55.540715,1121816576.0
55.561301,1085562880.0
55.55699,1421045760.0
55.53358,1558102016.0
55.537893,1244209152.0
55.528846,926322688.0
55.528361,1466941440.0
55.53123,1497100288.0
55.538851,1201291264.0
55.561279,1338056704.0
55.504489,1537191936.0
55.475424,1110491136.0
55.463519,1405210624.0
55.452088,1321992192.0
55.454467,1033633792.0
55.484453,1450385408.0
55.475362,1287458816.0
55.462438,1371639808.0
55.455171,1071984640.0
55.429309,1378701312.0
55.453724,1360605184.0
55.433098,1764753408.0
55.503956,1129406464.0
55.51828,1520320512.0
55.539773,1047027712.0
55.552207,1255522304.0
55.545509,1587056640.0
55.54455,1024397312.0
55.589059,1016582144.0
55.600034,1008582656.0
55.63162,1621897216.0
55.617276,1266044928.0
55.606713,1363513344.0
24.055556,816500736.0
28.384599,992743424.0
35.174834,1799139328.0
39.766184,1334177792.0
44.31101,1213157376.0
48.840183,1057947648.0
53.45951,801046528.0
53.708293,843464704.0
53.719922,1193754624.0
55.168296,1515208704.0
55.167369,1048014848.0
55.1767,1051435008.0
55.196592,911409152.0
55.225205,1162199040.0
53.712838,924860416.0
53.639233,801730560.0
54.142367,1462284288.0
54.234346,1065467904.0
54.262149,1348804608.0
54.265054,1051770880.0
54.268865,879394816.0
54.940835,1735024640.0
56.130328,1579978752.0
56.853701,999989248.0
56.64323,846684160.0
56.572727,1252392960.0
57.569558,1273339904.0
58.241608,1588060160.0
58.433625,849072128.0
58.356941,1076162560.0
60.354516,1482006528.0
62.541118,1591787520.0
63.586112,1377640448.0
63.979699,1251586048.0
62.75723,1008676864.0
61.952693,1039470592.0
62.045547,949043200.0
62.760806,1465974784.0
61.752807,984035328.0
60.474326,1185263616.0
60.133072,1169027072.0
60.118694,953040896.0
58.605883,1268154368.0
58.210046,1529683968.0
57.997441,1212825600.0
57.184577,1426395136.0
57.216377,960512000.0
57.264568,899059712.0
57.353877,1112981504.0
57.375562,1214263296.0
58.238136,1036177408.0
58.302533,1130942464.0
58.381243,1054617600.0
58.487192,930439168.0
57.959676,927596544.0
56.552464,1111478272.0
56.017711,1444540416.0
55.873938,1328168960.0
55.851634,994697216.0
55.874627,1183334400.0
55.862468,1036242944.0
55.221294,897929216.0
55.979949,1326264320.0
57.008891,1250349056.0
56.981165,1113407488.0
56.925728,1214783488.0
56.932049,1126236160.0
56.543809,1210052608.0
55.887545,1508868096.0
56.614271,1615859712.0
56.660031,1137569792.0
56.611552,1015435264.0
57.704423,1305194496.0
59.350027,1590931456.0
59.438912,1429266432.0
60.122125,1555648512.0
61.540178,1155317760.0
62.362613,1330860032.0
64.438586,1776693248.0
66.651778,1659318272.0
66.744103,917712896.0
65.357462,1088978944.0
65.692877,1313259520.0
67.028711,1102647296.0
67.174349,1096007680.0
66.017036,1273372672.0
64.252483,907587584.0
63.283034,1764958208.0
63.481259,1263312896.0
64.50515,1605816320.0
63.966343,988348416.0
61.729837,1380622336.0
60.622414,1106034688.0
60.516239,970461184.0
60.297106,980230144.0
58.809664,1273401344.0
57.477208,1049190400.0
56.698695,1192693760.0
56.770315,1344655360.0
56.348705,1165393920.0
54.664861,1116745728.0
53.061409,1488908288.0
53.500023,1699614720.0
54.599152,1081946112.0
54.664263,1314668544.0
54.743803,967258112.0
54.813651,876773376.0
56.54722,1707864064.0
58.275183,1410793472.0
59.819353,1457688576.0
59.759598,1288347648.0
59.727346,835289088.0
59.698801,1254469632.0
60.986851,1781776384.0
60.840298,1298038784.0
59.89795,985010176.0
59.907253,875315200.0
59.901101,798195712.0
61.284668,1421910016.0
61.165136,1345286144.0
61.199334,1230594048.0
59.80635,1185546240.0
59.847019,1254244352.0
60.221763,1399119872.0
61.502642,1323216896.0
61.264804,1531895808.0
59.608247,912781312.0
59.45958,932024320.0
60.28337,1285308416.0
61.470483,1360629760.0
61.346801,1030348800.0
61.074488,896167936.0
59.119723,1006870528.0
60.508611,1520197632.0
61.97095,1568763904.0
63.056076,1308495872.0
62.124115,1108971520.0
61.840114,1481248768.0
62.996575,1100353536.0
64.22165,1514434560.0
64.670924,1283125248.0
63.476138,1101414400.0
62.836521,1636413440.0
63.317095,1406750720.0
65.201094,1257926656.0
64.032109,1288445952.0
62.65379,840249344.0
62.165858,1543049216.0
63.539831,1103314944.0
64.318092,1297272832.0
64.198182,1262362624.0
63.057604,1373147136.0
61.827438,1257287680.0
61.907474,809943040.0
61.553968,1269252096.0
60.664626,1285279744.0
59.036778,1178042368.0
58.706511,1150857216.0
58.679353,902725632.0
57.806537,1018986496.0
56.142431,1127755776.0
55.533571,1613332480.0
55.785488,1072857088.0
55.740814,1084723200.0
55.719965,1098137600.0
56.796782,1575596032.0
58.132437,1691439104.0
59.109043,1425473536.0
60.768686,1238380544.0
61.184181,919830528.0
61.193765,869367808.0
62.326466,1322737664.0
63.491221,1686339584.0
62.421564,1054818304.0
61.029834,1122902016.0
61.009762,1059225600.0
60.972271,993595392.0
59.836645,804995072.0
59.071246,1331937280.0
57.369164,1165606912.0
55.641456,1323679744.0
55.237381,1300525056.0
55.227764,1242771456.0
54.066943,954740736.0
52.913907,1146728448.0
55.206539,978407424.0
55.241294,972316672.0
55.2463,1119821824.0
55.24559,795623424.0
54.954157,1380859904.0
56.651752,1340477440.0
58.277559,1711210496.0
58.25273,987144192.0
58.184258,849895424.0
58.099352,853344256.0
59.359661,1345859584.0
59.064486,1784520704.0
59.183673,901480448.0
59.155754,1011548160.0
59.150812,1299529728.0
59.135675,1175752704.0
58.503064,1163800576.0
58.308933,1180827648.0
57.106839,1252306944.0
57.123018,990011392.0
57.154355,1357193216.0
57.240674,794787840.0
55.991285,952594432.0
55.787931,1379500032.0
56.248336,1277071360.0
56.238875,1307402240.0
56.243605,903188480.0
56.257227,887209984.0
56.318426,1226838016.0
56.102327,1403027456.0
57.40823,1257545728.0
57.465579,1214459904.0
57.426185,1041395712.0
57.445194,859471872.0
57.429056,1180794880.0
57.245504,1396346880.0
58.175075,1609244672.0
58.31877,1087954944.0
58.262902,802689024.0
58.222603,806400000.0
58.169816,1481068544.0
58.782381,1762639872.0
58.753495,1337749504.0
59.30935,1136771072.0
59.315846,831643648.0
59.433707,1138548736.0
61.258981,1296752640.0
62.177922,1698488320.0
61.714337,1164181504.0
61.326613,1074454528.0
61.37395,1099763712.0
61.389563,1163960320.0
61.441627,883978240.0
60.118566,1404813312.0
58.423583,1083977728.0
57.461045,961327104.0
57.54375,806928384.0
57.46392,1069977600.0
55.681259,926502912.0
54.988824,1017806848.0
54.556419,1214693376.0
55.626479,1028878336.0
55.63035,1131388928.0
55.651516,1027477504.0
55.623303,991211520.0
55.409065,1149394944.0
55.561957,1583980544.0
56.024416,967688192.0
56.023857,1364951040.0
56.024494,978530304.0
55.987681,1006977024.0
55.077764,1090842624.0
54.26579,1588215808.0
54.751091,1910030336.0
56.248073,878759936.0
56.231807,841035776.0
57.103199,1495429120.0
58.744434,1525391360.0
60.274335,1733021696.0
61.470199,1252405248.0
62.556876,1312788480.0
63.657705,1695547392.0
64.967899,1507737600.0
66.188669,1281085440.0
66.299656,1226371072.0
64.692403,845570048.0
63.207131,1060208640.0
63.596317,1454288896.0
64.215255,1397579776.0
62.975855,949575680.0
61.246133,1156800512.0
59.543743,1224351744.0
58.426168,788221952.0
58.46427,1459326976.0
58.834236,1647104000.0
58.752944,889556992.0
58.191035,1256570880.0
59.769655,1028993024.0
61.535727,1082142720.0
62.862601,1788944384.0
63.152517,1393991680.0
63.190184,1258356736.0
64.732994,1525989376.0
66.327298,1647886336.0
67.876106,1329774592.0
66.376029,1181261824.0
64.693896,860778496.0
64.05275,976805888.0
65.54633,1770299392.0
65.509934,1095671808.0
63.962214,1017626624.0
62.241121,1070669824.0
60.524345,1035288576.0
60.427737,804216832.0
60.035968,1399861248.0
60.012261,1644941312.0
58.523373,1079201792.0
58.571802,1061998592.0
58.761316,1054007296.0
60.215802,1053691904.0
60.437358,1259012096.0
60.870133,1238380544.0
61.231506,1349701632.0
61.649449,1484304384.0
63.139084,1192882176.0
64.675857,1185267712.0
65.042567,1280393216.0
63.546347,1312235520.0
63.517759,877277184.0
63.513926,944640000.0
64.411137,1179324416.0
63.65022,1411502080.0
61.754203,843030528.0
60.661733,1591492608.0
61.863559,1226969088.0
63.093275,1612374016.0
63.24542,1527734272.0
63.123513,1625153536.0
61.910938,995717120.0
61.904145,886190080.0
62.130765,1649537024.0
62.556189,1035255808.0
61.535802,940990464.0
60.726786,1185898496.0
61.519195,1407451136.0
62.291685,1594769408.0
62.176389,1704259584.0
62.653828,1219760128.0
62.541604,1177919488.0
61.124345,1168183296.0
60.889351,1021726720.0
61.934058,1528950784.0
62.546069,1126486016.0
62.079896,949424128.0
62.062375,1264472064.0
62.024601,1322364928.0
61.210382,1155084288.0
60.318289,1845927936.0
59.818087,1643048960.0
58.073778,1141764096.0
56.583243,907096064.0
56.627134,817491968.0
57.448749,1712640000.0
57.962641,1043521536.0
58.426039,1329180672.0
59.305761,854228992.0
59.379481,1192800256.0
60.540494,1329639424.0
61.767773,1303908352.0
62.888077,1609908224.0
62.621465,1239281664.0
61.994068,1188823040.0
61.966726,864661504.0
63.04652,1412370432.0
62.429588,906743808.0
60.766511,812204032.0
59.899651,971231232.0
59.844785,865079296.0
60.0,1097695232.0
60.441574,1052753920.0
59.348529,1070952448.0
58.47221,988262400.0
58.476648,879665152.0
58.432709,1130655744.0
57.811614,1786957824.0
58.485206,1017430016.0
58.75986,1354629120.0
58.761528,915861504.0
58.764747,1255723008.0
58.716285,865357824.0
57.387542,858648576.0
56.469913,1268789248.0
56.711068,1247035392.0
56.644379,1164058624.0
56.665044,919728128.0
56.136071,1239425024.0
53.954251,1061335040.0
53.703786,1755029504.0
54.246891,1102000128.0
54.265895,1218736128.0
54.278653,1122656256.0
54.296185,1108496384.0
53.502143,952635392.0
52.915748,1103380480.0
54.194542,1184088064.0
55.387656,1281441792.0
55.390155,854900736.0
56.493194,1431318528.0
58.157364,1292365824.0
59.865795,1248067584.0
61.066293,1305948160.0
62.321131,1013321728.0
62.361007,909733888.0
62.391734,1217101824.0
62.31782,1019756544.0
61.058584,1299914752.0
59.879657,1200975872.0
59.894797,1144721408.0
58.798226,1245102080.0
57.128919,934096896.0
55.59298,1603809280.0
55.100594,1452142592.0
54.081587,1170092032.0
54.085741,1266208768.0
54.061464,1122131968.0
54.041274,944148480.0
53.929455,977301504.0
54.385345,1401692160.0
55.256886,992288768.0
55.243305,1016803328.0
55.277863,1079447552.0
55.468681,1443405824.0
56.852591,1455542272.0
57.308788,1771970560.0
58.731759,1048477696.0
59.552677,1043533824.0
61.074648,1723252736.0
62.579207,1444900864.0
63.769762,1437208576.0
64.272608,908029952.0
63.422203,1364148224.0
64.649292,1189695488.0
65.90362,1250410496.0
66.930927,949411840.0
65.31769,867942400.0
64.905113,1491701760.0
65.385291,1420443648.0
66.580265,1619456000.0
66.653479,1075265536.0
65.123239,847351808.0
64.646109,1425084416.0
64.923469,1593921536.0
66.137333,1191882752.0
65.483643,1018593280.0
64.206202,1053532160.0
62.963782,1240199168.0
62.99011,1186832384.0
61.70984,1040052224.0
58.975599,1071517696.0
56.898071,1034514432.0
55.250397,1305600000.0
55.196753,912416768.0
54.424622,978657280.0
53.196942,800772096.0
51.958836,1207238656.0
52.497465,1477820416.0
52.980278,1224876032.0
53.10357,1072316416.0
53.736983,1438875648.0
55.477578,1397846016.0
56.652738,1261146112.0
57.872565,1016688640.0
57.912723,1363566592.0
57.912016,1160876032.0
57.925337,813617152.0
57.947888,1012465664.0
55.888267,1189949440.0
55.449222,1317191680.0
55.396659,912474112.0
55.323993,1104084992.0
54.670583,915685376.0
53.443732,910020608.0
52.291318,1185193984.0
51.083223,1218265088.0
50.918705,1111678976.0
50.859137,1031401472.0
50.833813,1350619136.0
50.786198,1234644992.0
51.72919,1197338624.0
52.409344,1447649280.0
54.501801,1815285760.0
56.650531,1451253760.0
58.025294,879882240.0
58.211274,1141874688.0
59.451787,1427107840.0
60.692744,1198895104.0
62.107454,1564807168.0
62.920057,1236697088.0
62.940864,1383186432.0
62.979325,935772160.0
63.009833,804294656.0
62.26863,1299087360.0
60.185022,1107456000.0
58.011293,1232896000.0
56.612191,1049554944.0
56.632044,1170137088.0
57.082799,1852461056.0
57.620818,1500061696.0
57.813262,1294917632.0
58.380322,1438261248.0
58.343321,925429760.0
59.281437,1596583936.0
60.941594,1744961536.0
62.374783,1378279424.0
62.374299,1038368768.0
62.338994,1029726208.0
62.335402,817647616.0
62.082682,1037651968.0
60.819995,1581088768.0
59.578278,1343254528.0
58.116985,1153724416.0
56.759049,1252823040.0
56.790729,905977856.0
55.842131,837394432.0
54.176133,1052962816.0
53.653872,1629728768.0
54.297487,1101660160.0
54.356865,1030443008.0
54.394967,1066737664.0
54.659658,1138315264.0
55.811364,1799467008.0
56.506636,1430056960.0
57.715485,1014886400.0
58.639024,1405804544.0
60.266798,1313574912.0
61.997133,1373380608.0
63.419332,1448370176.0
63.535118,1087414272.0
62.81051,965599232.0
64.427739,1320988672.0
65.953195,1575051264.0
66.971135,994598912.0
65.403705,1069989888.0
64.119837,1228689408.0
62.8913,1171025920.0
62.273993,1492627456.0
62.213875,1162293248.0
59.111209,1283936256.0
57.923714,1350561792.0
57.894274,837730304.0
56.480464,1326731264.0
56.638064,1470337024.0
57.028874,1155100672.0
57.040141,1311035392.0
57.049079,1285959680.0
56.925043,1237962752.0
55.33818,834633728.0
56.28545,1286172672.0
56.249175,1368854528.0
56.203961,1020350464.0
56.165171,970764288.0
55.99787,1161703424.0
55.448447,1337458688.0
57.092073,1035354112.0
57.237486,865931264.0
57.409137,1297158144.0
59.127726,1206439936.0
60.754532,1474035712.0
60.916466,1478062080.0
61.499042,1182769152.0
61.494687,1212485632.0
61.533342,944115712.0
63.006496,1362763776.0
63.696064,1053777920.0
61.974309,1197174784.0
61.039589,1626275840.0
62.580617,1586679808.0
64.097958,1775054848.0
64.049569,1082576896.0
64.112109,1737113600.0
63.065272,1226887168.0
62.511489,815357952.0
63.089074,1806729216.0
63.677504,1093046272.0
62.25419,1097629696.0
60.741395,1088225280.0
60.736875,1214861312.0
60.652328,1096798208.0
60.134746,1337446400.0
59.769504,1502748672.0
58.625128,1302228992.0
57.00586,1684660224.0
59.359048,1518657536.0
60.188587,1383956480.0
60.17703,995061760.0
60.138188,816103424.0
60.172414,842014720.0
60.910858,1826562048.0
61.875525,1007747072.0
60.698054,1243500544.0
59.37638,1123610624.0
58.867592,1093705728.0
58.808791,1078738944.0
57.549119,1229090816.0
56.410256,1100914688.0
55.696927,1220460544.0
55.137182,967946240.0
55.199753,1127030784.0
55.206451,917581824.0
54.476526,1226313728.0
53.753304,1655898112.0
54.903863,1806917632.0
56.360268,1424101376.0
56.366528,1267019776.0
56.381332,808833024.0
56.359533,806420480.0
56.791326,1052213248.0
57.82436,1526562816.0
58.344724,962711552.0
58.364868,930525184.0
58.384656,1178300416.0
58.411359,1047986176.0
58.391209,1420021760.0
58.919394,1253429248.0
58.614783,1162727424.0
58.568854,892608512.0
58.521353,809787392.0
59.56941,1125167104.0
60.74721,1409626112.0
60.704667,1357811712.0
60.990466,849104896.0
60.964409,1254375424.0
61.940958,1503731712.0
63.113958,1442865152.0
63.641583,1399488512.0
62.057977,1350750208.0
60.905477,1205829632.0
60.929311,1037500416.0
60.973786,1206616064.0
61.03309,1767247872.0
59.396091,1223168000.0
57.771454,1322434560.0
57.244188,1005215744.0
57.230998,1101205504.0
56.042996,848072704.0
56.16893,1333977088.0
56.436335,1877581824.0
56.464334,1371049984.0
56.42485,1206861824.0
57.092697,1539928064.0
58.676451,1460432896.0
58.96081,1418014720.0
60.646556,1012932608.0
60.823649,1048481792.0
62.143868,1482772480.0
63.757527,1206603776.0
64.621659,1651986432.0
64.218146,1297702912.0
62.60224,846479360.0
63.420375,1387368448.0
65.167197,1546182656.0
66.293824,1353531392.0
65.381725,1367572480.0
63.702135,961323008.0
62.060756,1129988096.0
61.802254,1558745088.0
60.821882,1073553408.0
59.664273,1191477248.0
59.10432,1213493248.0
59.82477,1372807168.0
60.258617,1528549376.0
60.209401,1575428096.0
59.87526,940711936.0
59.203011,942354432.0
60.142001,1199906816.0
63.025285,1277861888.0
62.719044,1027305472.0
62.277691,1168601088.0
62.292085,990142464.0
62.260195,1143185408.0
62.515633,1588453376.0
61.613408,1359982592.0
59.888293,945770496.0
58.620382,1275076608.0
58.640958,831045632.0
57.67024,799682560.0
56.319182,1393037312.0
55.919652,1199714304.0
55.167517,1014370304.0
55.126669,946302976.0
55.092079,964108288.0
55.082302,1081004032.0
54.116029,962854912.0
53.502394,964145152.0
53.500133,1356656640.0
53.503241,1173254144.0
53.537285,1091190784.0
53.574447,920399872.0
53.370986,1086607360.0
52.174494,820736000.0
52.028109,1061986304.0
53.756557,1541980160.0
55.146373,1197830144.0
55.171954,1082814464.0
55.156014,967983104.0
55.392745,1359474688.0
56.651427,1071144960.0
57.933023,1092235264.0
59.042718,1266397184.0
59.009329,815980544.0
59.933555,1055604736.0
61.172566,1168875520.0
60.427997,1255243776.0
59.051953,1210613760.0
59.02594,1089335296.0
60.323476,1569611776.0
61.836942,1372205056.0
62.42571,1324048384.0
61.464168,1350742016.0
60.347259,1089040384.0
60.993313,1550938112.0
0.012293,729583616.0
0.01228,729583616.0
0.012264,859901952.0
0.008156,824954880.0
0.008164,828129280.0
2.233046,857051136.0
4.103591,817979392.0
6.052687,856801280.0
8.089362,821846016.0
10.244615,826642432.0
12.441916,814256128.0
14.732981,845156352.0
16.973001,817868800.0
19.275292,857026560.0
21.62138,813223936.0
23.9612,818900992.0
25.935173,859865088.0
26.052739,835776512.0
26.191978,832573440.0
26.315789,830509056.0
26.365796,819040256.0
26.386961,816459776.0
26.388578,808321024.0
26.362047,831143936.0
26.40122,813223936.0
26.437761,818126848.0
26.431007,857088000.0
26.440237,837963776.0
26.456474,815562752.0
26.456071,812724224.0
26.46082,842334208.0
26.424335,811118592.0
26.41467,809828352.0
26.405,841592832.0
26.396943,856469504.0
26.45251,815931392.0
26.407218,816447488.0
26.364452,809156608.0
26.405879,816447488.0
26.396235,813350912.0
26.344859,810254336.0
26.317681,816963584.0
26.280523,826646528.0
26.235262,809238528.0
26.223162,858386432.0
26.224862,816439296.0
26.227443,814116864.0
26.105596,833392640.0
26.060442,815730688.0
26.040536,810725376.0
25.973614,810983424.0
26.002083,817950720.0
25.999366,851173376.0
26.004707,813559808.0
26.033469,813043712.0
26.058279,813301760.0
26.028388,813043712.0
25.999638,819691520.0
26.021885,817627136.0
26.166118,818032640.0
26.234082,815968256.0
26.245952,817070080.0
26.270615,816295936.0
26.241454,855711744.0
26.285047,820940800.0
26.277241,849346560.0
26.234818,814575616.0
26.255174,820510720.0
26.290953,819232768.0
26.304905,857022464.0
26.289982,861646848.0
26.182524,836616192.0
26.196916,811597824.0
26.234082,808759296.0
26.303254,808333312.0
26.350987,831492096.0
26.343193,814919680.0
26.341529,832577536.0
26.401147,839081984.0
26.430139,814194688.0
26.456756,812904448.0
26.513897,816156672.0
26.532803,813125632.0
26.580191,830091264.0
26.544009,810803200.0
26.5203,849960960.0
26.482302,815190016.0
26.437914,813125632.0
26.402403,811061248.0
26.413741,816996352.0
26.357111,816132096.0
26.351442,845230080.0
26.349078,810975232.0
26.300902,815677440.0
26.262808,814665728.0
26.210223,832884736.0
26.22707,813445120.0
26.218715,851722240.0
26.255296,815919104.0
26.244364,812703744.0
26.238673,813449216.0
26.223666,809771008.0
26.228399,815116288.0
26.222703,815570944.0
26.216265,828592128.0
26.211533,817819648.0
26.245098,855339008.0
26.320759,817004544.0
26.305383,855388160.0
26.324533,811585536.0
26.309406,816746496.0
26.330205,846614528.0
26.35972,811843584.0
26.396736,817004544.0
26.401722,813907968.0
26.445281,816054272.0
26.449617,812957696.0
26.486147,818348032.0
26.489977,856473600.0
26.459493,811896832.0
26.47323,815452160.0
26.471117,810356736.0
26.467152,800411648.0
26.272519,775733248.0
23.882395,748072960.0
21.536011,731635712.0
19.672276,727171072.0
16.944711,908836864.0
14.677747,837615616.0
14.033269,997605376.0
13.999309,926384128.0
13.963944,855203840.0
13.936695,817004544.0
13.936092,811659264.0
13.890211,854745088.0
14.033341,816918528.0
16.224703,902225920.0
18.479265,855519232.0
20.75647,843390976.0
23.054986,975118336.0
25.466397,819359744.0
26.181262,897544192.0
26.191655,962408448.0
26.239159,972214272.0
26.281763,920391680.0
26.288405,812814336.0
26.374463,812814336.0
26.415601,856944640.0
26.466515,844873728.0
26.480182,848924672.0
26.44887,847859712.0
26.46005,830873600.0
26.408498,817414144.0
26.367065,820178944.0
26.379295,864272384.0
26.341573,952152064.0
26.301814,983224320.0
26.263127,816783360.0
26.215607,824008704.0
26.174678,835620864.0
26.174133,847089664.0
26.152526,951529472.0
26.151694,822505472.0
26.143231,819662848.0
26.195838,903270400.0
26.248146,815325184.0
26.253316,900632576.0
26.295,903987200.0
26.320036,990539776.0
26.389013,1015885824.0
26.424291,870252544.0
26.467301,815820800.0
26.479653,957587456.0
26.548554,977154048.0
26.582222,814800896.0
26.614665,949911552.0
26.602764,887255040.0
26.591092,815190016.0
26.587302,818098176.0
26.589724,846708736.0
26.603706,824504320.0
26.619762,843857920.0
26.598113,979333120.0
26.603177,842051584.0
26.587408,985784320.0
26.569382,873275392.0
26.595224,818860032.0
26.59617,912617472.0
26.63707,976289792.0
26.65809,818180096.0
26.635867,825040896.0
26.613011,890068992.0
26.613298,835104768.0
26.564865,918704128.0
26.517145,847118336.0
26.5064,816017408.0
26.475969,819625984.0
26.407836,832163840.0
26.31909,819617792.0
26.183518,882769920.0
26.101054,950378496.0
26.099482,863678464.0
26.069127,829583360.0
26.017691,816193536.0
26.002348,821174272.0
26.057927,921960448.0
26.063038,814641152.0
26.077742,816640000.0
26.078723,845475840.0
26.141023,844603392.0
26.256078,896696320.0
26.292852,839053312.0
26.32925,862146560.0
26.355894,923303936.0
26.418638,852369408.0
26.503122,971071488.0
26.546426,932880384.0
26.5445,853401600.0
26.531157,857419776.0
26.540137,836034560.0
26.570756,987734016.0
26.561945,941027328.0
26.50971,853032960.0
26.513505,988250112.0
26.524552,836190208.0
26.540557,839208960.0
26.512061,949362688.0
26.448519,1010262016.0
26.417274,850403328.0
26.412662,862937088.0
26.403345,833368064.0
26.379249,852631552.0
26.419874,1013891072.0
26.39463,876351488.0
26.388765,887447552.0
26.375678,998039552.0
26.370305,835870720.0
26.33406,962539520.0
26.331006,866545664.0
26.356245,912125952.0
26.365616,997945344.0
26.389444,901545984.0
26.384943,921157632.0
26.393574,940769280.0
26.359721,836292608.0
26.394745,966668288.0
26.40806,812380160.0
26.421627,773423104.0
25.029861,751157248.0
22.641923,747560960.0
20.329383,744988672.0
18.035482,835334144.0
15.772966,929398784.0
14.244856,814415872.0
16.131793,947453952.0
18.012102,1129635840.0
19.933783,818028544.0
21.815829,815341568.0
23.779908,820297728.0
25.704393,1093197824.0
28.527914,1250537472.0
32.925541,1082687488.0
37.384588,897490944.0
41.876009,966152192.0
46.504683,1180073984.0
51.034704,890929152.0
51.045719,1098919936.0
51.016288,882417664.0
51.014786,1227812864.0
51.066074,832782336.0
51.164809,823873536.0
51.273074,981938176.0
51.387945,950714368.0
51.461618,1186426880.0
51.558839,1056112640.0
51.604927,982827008.0
51.646035,985989120.0
51.701623,963022848.0
51.769478,1179525120.0
51.864181,832233472.0
51.93795,1071636480.0
51.918226,971280384.0
51.877133,966426624.0
51.849385,975228928.0
51.806211,868913152.0
51.795808,1200123904.0
51.805191,1261580288.0
51.833556,867282944.0
51.825467,827326464.0
51.831575,828694528.0
51.815873,1102106624.0
51.824297,940584960.0
51.836662,1180950528.0
51.848721,843681792.0
51.844928,1150758912.0
51.847565,978640896.0
51.909244,1147236352.0
51.909244,874102784.0
51.923162,852017152.0
51.897723,830951424.0
51.898341,1120620544.0
51.905248,1213329408.0
51.946327,826376192.0
51.967634,827072512.0
52.036219,912834560.0
52.0473,914640896.0
52.059925,825733120.0
52.022051,1141207040.0
52.016058,961343488.0
51.974207,830984192.0
51.950174,1088655360.0
51.918826,1222582272.0
51.916022,1158328320.0
51.858572,1061036032.0
51.824429,1040039936.0
51.780007,925724672.0
51.743592,1150390272.0
51.754191,1003044864.0
51.79984,1161228288.0
51.856452,1096716288.0
51.898454,1155809280.0
51.96659,1264189440.0
52.004769,844087296.0
52.07672,829161472.0
52.096468,873783296.0
52.120624,1187807232.0
52.118756,826576896.0
52.154205,1169354752.0
52.156121,1203933184.0
52.130701,1205575680.0
52.068191,901013504.0
52.015364,868884480.0
51.989929,895205376.0
51.948684,1160654848.0
51.939942,933908480.0
51.909006,1047650304.0
51.90098,874811392.0
51.91361,925646848.0
51.917784,828350464.0
51.885282,1207463936.0
51.919237,1183723520.0
51.930836,937803776.0
51.932282,1204244480.0
51.939083,1232744448.0
51.958745,1061560320.0
51.921544,1267998720.0
51.929033,896139264.0
51.921461,825516032.0
51.929282,958255104.0
51.93641,1306148864.0
51.967358,1132814336.0
51.895147,1134096384.0
51.828129,1185787904.0
51.808463,1185095680.0
51.735863,1062559744.0
51.688614,916414464.0
51.654115,1228394496.0
51.640117,1054470144.0
51.644456,897671168.0
51.639822,995987456.0
51.642434,912228352.0
51.638388,946548736.0
51.612324,839974912.0
51.63387,989908992.0
51.720752,1188872192.0
51.751805,1266745344.0
51.825369,1193717760.0
51.889928,1169739776.0
51.897163,825667584.0
51.927588,801378304.0
50.415488,776605696.0
45.79784,758206464.0
42.088953,745025536.0
37.618221,736899072.0
33.22411,1893654528.0
28.868805,1292566528.0
27.286703,2238185472.0
27.569554,1399693312.0
27.848372,1253715968.0
28.14079,1937989632.0
28.48887,1367359488.0
28.848376,2200403968.0
29.720355,1629982720.0
34.484841,1617743872.0
39.328818,1657360384.0
44.149262,1517031424.0
49.037193,1353768960.0
54.009653,1594007552.0
56.087594,1741451264.0
56.101131,1392091136.0
56.111825,1753194496.0
56.124031,1761644544.0
56.133369,1812250624.0
56.124613,1157013504.0
56.109616,1721421824.0
56.099713,1029849088.0
56.097992,1197191168.0
56.103587,2210787328.0
56.074766,1693343744.0
56.068474,1914744832.0
56.057341,1313943552.0
56.05614,1655865344.0
56.034179,1470316544.0
56.038775,1785135104.0
56.027337,1345617920.0
56.030716,1736130560.0
56.015518,1802268672.0
56.00899,1396207616.0
56.038243,1916690432.0
56.04604,1729605632.0
56.057731,1679241216.0
56.052643,1909760000.0
56.063881,1331449856.0
56.095945,1358544896.0
56.092484,1900445696.0
56.101567,1698136064.0
56.143474,1382985728.0
56.135887,1729286144.0
56.116653,1111695360.0
56.131779,1415983104.0
56.113233,1219416064.0
56.104808,1442213888.0
56.086996,913969152.0
56.091829,1079570432.0
56.082306,1483415552.0
56.089715,1619226624.0
56.0696,2144989184.0
56.06795,1464446976.0
56.038538,1443786752.0
56.018267,1643880448.0
56.037796,1674285056.0
56.001446,1510150144.0
56.018435,1235001344.0
56.030128,2072035328.0
56.055628,1425461248.0
56.050669,1410506752.0
56.080627,1852125184.0
56.052667,2093649920.0
56.055317,1527103488.0
56.062232,1798959104.0
56.078694,1612390400.0
56.088199,1617403904.0
56.067561,1441370112.0
56.096259,2261188608.0
56.087053,1993240576.0
56.101785,958521344.0
56.076011,1398059008.0
56.067875,2170716160.0
56.053533,2013274112.0
56.082703,1717723136.0
56.098969,1740709888.0
56.108276,1376325632.0
56.091506,1839214592.0
56.079943,1872297984.0
56.113769,1900658688.0
56.091078,1839603712.0
56.078987,1135853568.0
56.033453,1698058240.0
56.066315,1084198912.0
56.080451,1201352704.0
56.068877,2212626432.0
56.049175,1109041152.0
56.019361,1635414016.0
56.027044,1970130944.0
56.018168,1736843264.0
56.018188,2199252992.0
56.039445,1193467904.0
56.073806,1457700864.0
56.078694,1013657600.0
56.050728,2003230720.0
56.015691,2136616960.0
56.031441,1581551616.0
56.026059,1610969088.0
56.011612,1719193600.0
56.003036,1615446016.0
56.011796,1767309312.0
56.016801,2168258560.0
56.001608,1577836544.0
55.993747,1610870784.0
55.986592,2113609728.0
55.99857,1990254592.0
56.007154,1407332352.0
56.039445,1709551616.0
56.07535,1217916928.0
56.096689,1487884288.0
56.080658,1398415360.0
56.072178,2075426816.0
56.06939,1579675648.0
56.0673,1371090944.0
56.083735,867430400.0
56.071683,803512320.0
52.726627,755998720.0
47.773761,741003264.0
42.84586,737136640.0
38.975725,736690176.0
34.175186,2250731520.0
29.415557,2138595328.0
26.950324,2273222656.0
27.675717,1459359744.0
28.34122,1950281728.0
28.99199,1882619904.0
29.608035,1838673920.0
30.285106,2177036288.0
33.071438,1777295360.0
38.440722,1832853504.0
49.38625,1728311296.0
55.064618,2456006656.0
60.729368,2693062656.0
64.147938,2844893184.0
64.13674,1208201216.0
64.13111,2295197696.0
64.113601,2099699712.0
64.213795,2340237312.0
64.24385,1739370496.0
64.296507,2231889920.0
64.256796,2487152640.0
64.217566,1557929984.0
64.22358,1769906176.0
64.11069,1455857664.0
64.281569,1813430272.0
64.292095,2409005056.0
64.341224,2045415424.0
64.410412,2206855168.0
64.565557,1811218432.0
64.513389,1124761600.0
64.300692,1140723712.0
64.380206,2726952960.0
64.457189,1253023744.0
64.591751,2546053120.0
64.646151,1576792064.0
64.563752,1416478720.0
64.535991,1533280256.0
64.545978,2120294400.0
64.463614,1198612480.0
64.394441,2049667072.0
64.61301,1787277312.0
64.553175,2043596800.0
64.505059,2581123072.0
64.543655,1457389568.0
64.421766,2150723584.0
64.331238,1962844160.0
64.330259,2345508864.0
64.389816,1160785920.0
64.38188,1490960384.0
64.472186,2617823232.0
64.461761,2289516544.0
64.486022,1720295424.0
64.335174,2943504384.0
64.412874,1692176384.0
64.245345,1225478144.0
64.225932,2041126912.0
64.346759,1368252416.0
64.321058,1996533760.0
64.325129,1361661952.0
64.211218,1547264000.0
64.03528,1928519680.0
64.063598,1978613760.0
64.144896,2264207360.0
64.194385,1229197312.0
64.312398,2576568320.0
64.316521,1847533568.0
64.350812,1762504704.0
64.363203,1424719872.0
64.440131,1399218176.0
64.465908,1416970240.0
64.651982,1778110464.0
64.615249,2130415616.0
64.73483,2401902592.0
64.756472,1542324224.0
64.688857,2771357696.0
64.678859,2623754240.0
64.693539,995561472.0
64.651895,2314747904.0
64.730779,1203109888.0
64.741297,1824284672.0
64.925308,2303344640.0
65.033466,2521772032.0
65.09773,1946828800.0
65.042187,1950769152.0
65.039148,2369200128.0
65.06125,1893240832.0
65.171667,1656209408.0
65.15735,2309177344.0
65.174614,1872048128.0
65.129913,1644113920.0
65.038446,2301571072.0
64.922885,1766174720.0
64.759277,1732853760.0
64.731785,2348818432.0
64.657973,1680871424.0
64.578968,1963143168.0
64.574411,2302500864.0
64.592725,2052972544.0
64.568578,1675939840.0
64.556229,1705734144.0
64.478953,2380673024.0
64.342222,1913856000.0
64.382406,2231214080.0
64.37852,2538156032.0
64.463284,2335375360.0
64.544292,2400346112.0
64.680776,2352914432.0
64.624237,1684176896.0
64.718529,1151324160.0
64.806924,2370084864.0
64.898801,1522757632.0
65.059289,885485568.0
65.221216,818962432.0
63.646346,778227712.0
57.851348,747528192.0
52.094354,744275968.0
46.521964,744017920.0
39.812476,2901557248.0
35.389666,2104872960.0
31.202241,2678116352.0
31.200345,2844418048.0
31.409893,1645314048.0
31.623106,3522547712.0
32.030564,1719504896.0
32.588561,2095374336.0
35.838252,1575481344.0
42.100359,2582495232.0
48.398481,2047574016.0
54.199505,3027841024.0
59.13686,1790681088.0
65.252728,1282420736.0
70.065185,3352092672.0
69.997742,1772707840.0
69.993697,3626500096.0
70.191246,1698226176.0
70.181722,1859035136.0
69.828273,2016051200.0
69.333333,2208153600.0
69.280931,2195787776.0
69.76591,2578817024.0
70.252888,2355331072.0
70.802027,2725363712.0
70.895295,2683076608.0
70.883045,1782640640.0
71.056762,3078643712.0
71.009942,1185185792.0
70.947387,2714750976.0
71.280021,2621444096.0
71.739604,3445837824.0
71.876089,1459761152.0
71.846228,2954092544.0
72.01504,1991675904.0
72.369169,2899066880.0
72.282085,1767784448.0
72.53012,3409674240.0
72.958266,1857032192.0
72.405464,1786413056.0
72.268908,3162243072.0
72.426244,2414469120.0
72.556441,2279276544.0
72.811344,2113769472.0
73.182659,2503970816.0
73.672147,1300582400.0
74.068364,3259932672.0
74.555639,1753092096.0
75.05847,2108280832.0
75.112623,2023239680.0
74.331598,2506145792.0
74.270452,1500753920.0
73.987367,1178791936.0
73.767956,3170181120.0
73.627152,2609700864.0
73.254732,2748956672.0
72.349392,2318389248.0
71.785651,1385373696.0
71.775734,2255933440.0
71.609379,2807537664.0
70.681465,2246193152.0
69.875239,1875132416.0
70.108962,2704498688.0
70.470813,1743462400.0
70.811652,1710944256.0
70.958697,2615918592.0
70.809583,2164760576.0
70.53953,1685946368.0
70.513848,2599018496.0
70.115352,2311823360.0
69.213623,2527498240.0
68.809141,3118215168.0
69.303571,1846784000.0
69.392221,3546132480.0
69.273344,1696288768.0
69.403518,1267830784.0
69.485475,3455864832.0
69.683722,1196015616.0
70.334032,3271610368.0
70.742689,1808957440.0
71.207389,2341052416.0
71.730315,2632658944.0
72.19623,1480065024.0
72.221479,2495049728.0
72.101433,1966522368.0
72.423324,1564672000.0
73.091833,2229862400.0
